  0
SECTION
  2
HEADER
  9
$ACADVER
  1
AC1027
  9
$ACADMAINTVER
 70
   125
  9
$DWGCODEPAGE
  3
ANSI_1252
  9
$LASTSAVEDBY
  1
kaley
  9
$REQUIREDVERSIONS
160
                 0
  9
$INSBASE
 10
0.0
 20
0.0
 30
0.0
  9
$EXTMIN
 10
0.0
 20
0.0
 30
0.0
  9
$EXTMAX
 10
34.0
 20
22.0
 30
0.0
  9
$LIMMIN
 10
0.0
 20
0.0
  9
$LIMMAX
 10
33.999999
 20
22.0
  9
$ORTHOMODE
 70
     0
  9
$REGENMODE
 70
     1
  9
$FILLMODE
 70
     1
  9
$QTEXTMODE
 70
     0
  9
$MIRRTEXT
 70
     0
  9
$LTSCALE
 40
0.75
  9
$ATTMODE
 70
     1
  9
$TEXTSIZE
 40
0.12
  9
$TRACEWID
 40
0.05
  9
$TEXTSTYLE
  7
Standard
  9
$CLAYER
  8
0
  9
$CELTYPE
  6
ByLayer
  9
$CECOLOR
 62
   256
  9
$CELTSCALE
 40
1.0
  9
$DISPSILH
 70
     0
  9
$DIMSCALE
 40
1.0
  9
$DIMASZ
 40
0.12
  9
$DIMEXO
 40
0.07
  9
$DIMDLI
 40
0.36
  9
$DIMRND
 40
0.0
  9
$DIMDLE
 40
0.0
  9
$DIMEXE
 40
0.07
  9
$DIMTP
 40
0.01
  9
$DIMTM
 40
0.01
  9
$DIMTXT
 40
0.12
  9
$DIMCEN
 40
0.0
  9
$DIMTSZ
 40
0.0
  9
$DIMTOL
 70
     0
  9
$DIMLIM
 70
     0
  9
$DIMTIH
 70
     1
  9
$DIMTOH
 70
     1
  9
$DIMSE1
 70
     0
  9
$DIMSE2
 70
     0
  9
$DIMTAD
 70
     0
  9
$DIMZIN
 70
    12
  9
$DIMBLK
  1

  9
$DIMASO
 70
     1
  9
$DIMSHO
 70
     1
  9
$DIMPOST
  1

  9
$DIMAPOST
  1

  9
$DIMALT
 70
     0
  9
$DIMALTD
 70
     2
  9
$DIMALTF
 40
25.4
  9
$DIMLFAC
 40
1.0
  9
$DIMTOFL
 70
     0
  9
$DIMTVP
 40
0.0
  9
$DIMTIX
 70
     0
  9
$DIMSOXD
 70
     0
  9
$DIMSAH
 70
     0
  9
$DIMBLK1
  1

  9
$DIMBLK2
  1

  9
$DIMSTYLE
  2
Dim-Standard
  9
$DIMCLRD
 70
     0
  9
$DIMCLRE
 70
     0
  9
$DIMCLRT
 70
     0
  9
$DIMTFAC
 40
1.0
  9
$DIMGAP
 40
0.05
  9
$DIMJUST
 70
     0
  9
$DIMSD1
 70
     0
  9
$DIMSD2
 70
     0
  9
$DIMTOLJ
 70
     1
  9
$DIMTZIN
 70
    12
  9
$DIMALTZ
 70
    12
  9
$DIMALTTZ
 70
    12
  9
$DIMUPT
 70
     0
  9
$DIMDEC
 70
     2
  9
$DIMTDEC
 70
     2
  9
$DIMALTU
 70
     2
  9
$DIMALTTD
 70
     2
  9
$DIMTXSTY
  7
Standard
  9
$DIMAUNIT
 70
     0
  9
$DIMADEC
 70
     2
  9
$DIMALTRND
 40
0.0
  9
$DIMAZIN
 70
     3
  9
$DIMDSEP
 70
    46
  9
$DIMATFIT
 70
     3
  9
$DIMFRAC
 70
     0
  9
$DIMLDRBLK
  1

  9
$DIMLUNIT
 70
     2
  9
$DIMLWD
 70
    -2
  9
$DIMLWE
 70
    -2
  9
$DIMTMOVE
 70
     0
  9
$DIMFXL
 40
1.0
  9
$DIMFXLON
 70
     0
  9
$DIMJOGANG
 40
0.785398
  9
$DIMTFILL
 70
     0
  9
$DIMTFILLCLR
 70
     0
  9
$DIMARCSYM
 70
     1
  9
$DIMLTYPE
  6

  9
$DIMLTEX1
  6

  9
$DIMLTEX2
  6

  9
$DIMTXTDIRECTION
 70
     0
  9
$LUNITS
 70
     2
  9
$LUPREC
 70
     4
  9
$SKETCHINC
 40
0.1
  9
$FILLETRAD
 40
0.0
  9
$AUNITS
 70
     0
  9
$AUPREC
 70
     0
  9
$MENU
  1
.
  9
$ELEVATION
 40
0.0
  9
$PELEVATION
 40
0.0
  9
$THICKNESS
 40
0.0
  9
$LIMCHECK
 70
     0
  9
$CHAMFERA
 40
0.0
  9
$CHAMFERB
 40
0.0
  9
$CHAMFERC
 40
0.0
  9
$CHAMFERD
 40
0.0
  9
$SKPOLY
 70
     0
  9
$TDCREATE
 40
2461225.406319445
  9
$TDUCREATE
 40
2461225.572986111
  9
$TDUPDATE
 40
2461225.406319445
  9
$TDUUPDATE
 40
2461225.572986111
  9
$TDINDWG
 40
0.0000000000
  9
$TDUSRTIMER
 40
0.0000000000
  9
$USRTIMER
 70
     1
  9
$ANGBASE
 50
0.0
  9
$ANGDIR
 70
     0
  9
$PDMODE
 70
     0
  9
$PDSIZE
 40
0.0
  9
$PLINEWID
 40
0.0
  9
$SPLFRAME
 70
     0
  9
$SPLINETYPE
 70
     6
  9
$SPLINESEGS
 70
     8
  9
$HANDSEED
  5
513
  9
$SURFTAB1
 70
     6
  9
$SURFTAB2
 70
     6
  9
$SURFTYPE
 70
     6
  9
$SURFU
 70
     6
  9
$SURFV
 70
     6
  9
$UCSBASE
  2

  9
$UCSNAME
  2

  9
$UCSORG
 10
0.0
 20
0.0
 30
0.0
  9
$UCSXDIR
 10
1.0
 20
0.0
 30
0.0
  9
$UCSYDIR
 10
0.0
 20
1.0
 30
0.0
  9
$UCSORTHOREF
  2

  9
$UCSORTHOVIEW
 70
     0
  9
$UCSORGTOP
 10
0.0
 20
0.0
 30
0.0
  9
$UCSORGBOTTOM
 10
0.0
 20
0.0
 30
0.0
  9
$UCSORGLEFT
 10
0.0
 20
0.0
 30
0.0
  9
$UCSORGRIGHT
 10
0.0
 20
0.0
 30
0.0
  9
$UCSORGFRONT
 10
0.0
 20
0.0
 30
0.0
  9
$UCSORGBACK
 10
0.0
 20
0.0
 30
0.0
  9
$PUCSBASE
  2

  9
$PUCSNAME
  2

  9
$PUCSORG
 10
0.0
 20
0.0
 30
0.0
  9
$PUCSXDIR
 10
1.0
 20
0.0
 30
0.0
  9
$PUCSYDIR
 10
0.0
 20
1.0
 30
0.0
  9
$PUCSORTHOREF
  2

  9
$PUCSORTHOVIEW
 70
     0
  9
$PUCSORGTOP
 10
0.0
 20
0.0
 30
0.0
  9
$PUCSORGBOTTOM
 10
0.0
 20
0.0
 30
0.0
  9
$PUCSORGLEFT
 10
0.0
 20
0.0
 30
0.0
  9
$PUCSORGRIGHT
 10
0.0
 20
0.0
 30
0.0
  9
$PUCSORGFRONT
 10
0.0
 20
0.0
 30
0.0
  9
$PUCSORGBACK
 10
0.0
 20
0.0
 30
0.0
  9
$USERI1
 70
     0
  9
$USERI2
 70
     0
  9
$USERI3
 70
     0
  9
$USERI4
 70
     0
  9
$USERI5
 70
     0
  9
$USERR1
 40
0.0
  9
$USERR2
 40
0.0
  9
$USERR3
 40
0.0
  9
$USERR4
 40
0.0
  9
$USERR5
 40
0.0
  9
$WORLDVIEW
 70
     1
  9
$SHADEDGE
 70
     3
  9
$SHADEDIF
 70
    70
  9
$TILEMODE
 70
     1
  9
$MAXACTVP
 70
    64
  9
$PINSBASE
 10
0.0
 20
0.0
 30
0.0
  9
$PLIMCHECK
 70
     0
  9
$PEXTMIN
 10
1.000000E+20
 20
1.000000E+20
 30
1.000000E+20
  9
$PEXTMAX
 10
-1.000000E+20
 20
-1.000000E+20
 30
-1.000000E+20
  9
$PLIMMIN
 10
0.0
 20
0.0
  9
$PLIMMAX
 10
12.0
 20
9.0
  9
$UNITMODE
 70
     0
  9
$VISRETAIN
 70
     1
  9
$PLINEGEN
 70
     0
  9
$PSLTSCALE
 70
     1
  9
$TREEDEPTH
 70
  3020
  9
$CMLSTYLE
  2
Standard
  9
$CMLJUST
 70
     0
  9
$CMLSCALE
 40
1.0
  9
$PROXYGRAPHICS
 70
     1
  9
$MEASUREMENT
 70
     0
  9
$CELWEIGHT
370
    -1
  9
$ENDCAPS
280
     0
  9
$JOINSTYLE
280
     0
  9
$LWDISPLAY
290
     0
  9
$INSUNITS
 70
     1
  9
$HYPERLINKBASE
  1

  9
$STYLESHEET
  1

  9
$XEDIT
290
     1
  9
$CEPSNTYPE
380
     0
  9
$PSTYLEMODE
290
     1
  9
$FINGERPRINTGUID
  2
{0252C02D-16FE-5540-8277-E56B0E61377E}
  9
$VERSIONGUID
  2
{9BD7A1EB-CBC9-1547-B89E-74F195DBDB25}
  9
$EXTNAMES
290
     1
  9
$PSVPSCALE
 40
0.0
  9
$OLESTARTUP
290
     0
  9
$SORTENTS
280
   127
  9
$INDEXCTL
280
     0
  9
$HIDETEXT
280
     1
  9
$XCLIPFRAME
280
     0
  9
$HALOGAP
280
     0
  9
$OBSCOLOR
 70
   257
  9
$OBSLTYPE
280
     0
  9
$INTERSECTIONDISPLAY
280
     0
  9
$INTERSECTIONCOLOR
 70
   257
  9
$DIMASSOC
280
     2
  9
$PROJECTNAME
  1

  9
$CAMERADISPLAY
290
     0
  9
$LENSLENGTH
 40
50.0
  9
$CAMERAHEIGHT
 40
0.0
  9
$STEPSPERSEC
 40
2.0
  9
$STEPSIZE
 40
6.0
  9
$3DDWFPREC
 40
2.0
  9
$PSOLWIDTH
 40
0.25
  9
$PSOLHEIGHT
 40
4.0
  9
$LOFTANG1
 40
1.570796
  9
$LOFTANG2
 40
1.570796
  9
$LOFTMAG1
 40
0.0
  9
$LOFTMAG2
 40
0.0
  9
$LOFTPARAM
 70
     7
  9
$LOFTNORMALS
280
     1
  9
$LATITUDE
 40
37.795
  9
$LONGITUDE
 40
-122.394
  9
$NORTHDIRECTION
 40
0.0
  9
$TIMEZONE
 70
 -8000
  9
$LIGHTGLYPHDISPLAY
280
     1
  9
$TILEMODELIGHTSYNCH
280
     1
  9
$CMATERIAL
347
11
  9
$SOLIDHIST
280
     0
  9
$SHOWHIST
280
     1
  9
$DWFFRAME
280
     2
  9
$DGNFRAME
280
     0
  9
$REALWORLDSCALE
290
     1
  9
$INTERFERECOLOR
 62
     1
  9
$INTERFEREOBJVS
345
33
  9
$INTERFEREVPVS
346
30
  9
$CSHADOW
280
     0
  9
$SHADOWPLANELOCATION
 40
0.0
  0
ENDSEC
  0
SECTION
  2
CLASSES
  0
CLASS
  1
ACDBDICTIONARYWDFLT
  2
AcDbDictionaryWithDefault
  3
ObjectDBX Classes
 90
        0
 91
        1
280
     0
281
     0
  0
CLASS
  1
MATERIAL
  2
AcDbMaterial
  3
ObjectDBX Classes
 90
     1153
 91
        3
280
     0
281
     0
  0
CLASS
  1
VISUALSTYLE
  2
AcDbVisualStyle
  3
ObjectDBX Classes
 90
     4095
 91
       24
280
     0
281
     0
  0
CLASS
  1
SCALE
  2
AcDbScale
  3
ObjectDBX Classes
 90
     1153
 91
       33
280
     0
281
     0
  0
CLASS
  1
TABLESTYLE
  2
AcDbTableStyle
  3
ObjectDBX Classes
 90
     4095
 91
        1
280
     0
281
     0
  0
CLASS
  1
MLEADERSTYLE
  2
AcDbMLeaderStyle
  3
ACDB_MLEADERSTYLE_CLASS
 90
     4095
 91
        1
280
     0
281
     0
  0
CLASS
  1
ACDBSECTIONVIEWSTYLE
  2
AcDbSectionViewStyle
  3
ObjectDBX Classes
 90
     1025
 91
        1
280
     0
281
     0
  0
CLASS
  1
ACDBDETAILVIEWSTYLE
  2
AcDbDetailViewStyle
  3
ObjectDBX Classes
 90
     1025
 91
        1
280
     0
281
     0
  0
CLASS
  1
ACMESCOPE
  2
AcMeScope
  3
AcMeServices
 90
     1024
 91
        1
280
     0
281
     0
  0
CLASS
  1
ACMECOMMANDHISTORY
  2
AcMeCommandHistory
  3
AcMeServices
 90
     1024
 91
        1
280
     0
281
     0
  0
CLASS
  1
ACIMSYSVARMAN
  2
AcImSysVarManager
  3
AcMeServices
 90
     1024
 91
        1
280
     0
281
     0
  0
CLASS
  1
ACIMINTSYSVAR
  2
AcImIntSysVar
  3
AcMeServices
 90
     1024
 91
        1
280
     0
281
     0
  0
CLASS
  1
ACMESTATEMGR
  2
AcMeStateMgr
  3
AcMeServices
 90
     1024
 91
        1
280
     0
281
     0
  0
CLASS
  1
ACGREFMASTER
  2
AcGrefMaster
  3
AcAttribServices
 90
     1024
 91
        1
280
     0
281
     0
  0
CLASS
  1
SORTENTSTABLE
  2
AcDbSortentsTable
  3
ObjectDBX Classes
 90
        0
 91
        3
280
     0
281
     0
  0
CLASS
  1
DICTIONARYVAR
  2
AcDbDictionaryVar
  3
ObjectDBX Classes
 90
        0
 91
        6
280
     0
281
     0
  0
CLASS
  1
CELLSTYLEMAP
  2
AcDbCellStyleMap
  3
ObjectDBX Classes
 90
     1152
 91
        1
280
     0
281
     0
  0
ENDSEC
  0
SECTION
  2
TABLES
  0
TABLE
  2
VPORT
  5
8
330
0
100
AcDbSymbolTable
 70
     1
1001
ACAD
1000
DbSaveVer
1071
      428
  0
VPORT
  5
57
330
8
100
AcDbSymbolTableRecord
100
AcDbViewportTableRecord
  2
*Active
 70
     0
 10
0.0
 20
0.0
 11
1.0
 21
1.0
 12
17.0
 22
11.0
 13
0.0
 23
0.0
 14
0.5
 24
0.5
 15
0.0
 25
0.0
 16
0.0
 26
0.0
 36
1.0
 17
0.0
 27
0.0
 37
0.0
 40
22.0
 41
1.786134
 42
50.0
 43
0.0
 44
0.0
 50
0.0
 51
0.0
 71
     0
 72
 20000
 73
     1
 74
     0
 75
     0
 76
     0
 77
     0
 78
     0
281
     0
 65
     1
110
0.0
120
0.0
130
0.0
111
1.0
121
0.0
131
0.0
112
0.0
122
1.0
132
0.0
 79
     0
146
0.0
348
2F
 60
     3
 61
     5
292
     1
282
     1
141
0.0
142
0.0
 63
   250
421
  3355443
  0
ENDTAB
  0
TABLE
  2
LTYPE
  5
5
330
0
100
AcDbSymbolTable
 70
    10
  0
LTYPE
  5
5B
330
5
100
AcDbSymbolTableRecord
100
AcDbLinetypeTableRecord
  2
ByBlock
 70
     0
  3

 72
    65
 73
     0
 40
0.0
  0
LTYPE
  5
5C
330
5
100
AcDbSymbolTableRecord
100
AcDbLinetypeTableRecord
  2
ByLayer
 70
     0
  3

 72
    65
 73
     0
 40
0.0
  0
LTYPE
  5
5D
330
5
100
AcDbSymbolTableRecord
100
AcDbLinetypeTableRecord
  2
Continuous
 70
     0
  3
Solid line
 72
    65
 73
     0
 40
0.0
  0
LTYPE
  5
81
330
5
100
AcDbSymbolTableRecord
100
AcDbLinetypeTableRecord
  2
HIDDEN
 70
     0
  3
Hidden __ __ __ __ __ __ __ __ __ __ __ __ __ _
 72
    65
 73
     2
 40
0.375
 49
0.25
 74
     0
 49
-0.125
 74
     0
  0
LTYPE
  5
82
330
5
100
AcDbSymbolTableRecord
100
AcDbLinetypeTableRecord
  2
PHANTOM2
 70
     0
  3
Phantom (.5x) ___ _ _ ___ _ _ ___ _ _ ___ _ _
 72
    65
 73
     6
 40
1.25
 49
0.625
 74
     0
 49
-0.125
 74
     0
 49
0.125
 74
     0
 49
-0.125
 74
     0
 49
0.125
 74
     0
 49
-0.125
 74
     0
  0
LTYPE
  5
83
330
5
100
AcDbSymbolTableRecord
100
AcDbLinetypeTableRecord
  2
CENTER
 70
     0
  3
Center ____ _ ____ _ ____ _ ____ _ ____ _ ____
 72
    65
 73
     4
 40
2.0
 49
1.25
 74
     0
 49
-0.25
 74
     0
 49
0.25
 74
     0
 49
-0.25
 74
     0
  0
LTYPE
  5
9D
330
5
100
AcDbSymbolTableRecord
100
AcDbLinetypeTableRecord
  2
CENTER2
 70
     0
  3
Center (.5x) ___ _ ___ _ ___ _ ___ _ ___ _ ___
 72
    65
 73
     4
 40
1.125
 49
0.75
 74
     0
 49
-0.125
 74
     0
 49
0.125
 74
     0
 49
-0.125
 74
     0
  0
LTYPE
  5
9E
330
5
100
AcDbSymbolTableRecord
100
AcDbLinetypeTableRecord
  2
HIDDEN2
 70
     0
  3
Hidden (.5x) _ _ _ _ _ _ _ _ _ _ _ _ _ _ _ _ _
 72
    65
 73
     2
 40
0.1875
 49
0.125
 74
     0
 49
-0.0625
 74
     0
  0
LTYPE
  5
9F
330
5
100
AcDbSymbolTableRecord
100
AcDbLinetypeTableRecord
  2
Amconstr
 70
     0
  3
_______________________
 72
    65
 73
     2
 40
9999.0
 49
9999.0
 74
     0
 49
0.0
 74
     0
  0
LTYPE
  5
A0
330
5
100
AcDbSymbolTableRecord
100
AcDbLinetypeTableRecord
  2
Amzigzag2
 70
     0
  3
/\/-/\/-/\/-/\/-/\/-/\/
 72
    65
 73
     2
 40
0.4401
 49
0.0001
 74
     4
 75
   136
340
9A
 46
0.0016
 50
0.0
 44
0.0
 45
0.0
 49
-0.44
 74
     0
  0
LTYPE
  5
A1
330
5
100
AcDbSymbolTableRecord
100
AcDbLinetypeTableRecord
  2
ACANSTGB
 70
     0
  3
__ . . __ . .
 72
    65
 73
     6
 40
0.354331
 49
0.15748
 74
     0
 49
-0.03937
 74
     0
 49
0.03937
 74
     0
 49
-0.03937
 74
     0
 49
0.03937
 74
     0
 49
-0.03937
 74
     0
  0
LTYPE
  5
A2
330
5
100
AcDbSymbolTableRecord
100
AcDbLinetypeTableRecord
  2
ACANSTGL
 70
     0
  3
_ _ _ _ _
 72
    65
 73
     2
 40
0.11811
 49
0.07874
 74
     0
 49
-0.03937
 74
     0
  0
ENDTAB
  0
TABLE
  2
LAYER
  5
2
330
0
100
AcDbSymbolTable
 70
     8
  0
LAYER
  5
54
330
2
100
AcDbSymbolTableRecord
100
AcDbLayerTableRecord
  2
0
 70
     0
 62
     7
  6
Continuous
370
    -3
390
F
347
21
348
0
1001
AcAecLayerStandard
1000

1000

  0
LAYER
  5
79
330
2
100
AcDbSymbolTableRecord
100
AcDbLayerTableRecord
  2
Defpoints
 70
     0
 62
     7
  6
Continuous
290
     0
370
    -3
390
F
347
21
348
0
1001
AcAecLayerStandard
1000

1000

  0
LAYER
  5
BD
330
2
100
AcDbSymbolTableRecord
100
AcDbLayerTableRecord
  2
Visible
 70
     0
 62
     7
  6
Continuous
370
    50
390
F
347
21
348
0
  0
LAYER
  5
E8
330
2
100
AcDbSymbolTableRecord
100
AcDbLayerTableRecord
  2
Border
 70
     0
 62
     7
  6
Continuous
370
    25
390
F
347
21
348
0
1001
AcAecLayerStandard
1000

1000

1001
AcCmTransparency
1071
        0
  0
LAYER
  5
132
330
2
100
AcDbSymbolTableRecord
100
AcDbLayerTableRecord
  2
Titleblock
 70
     0
 62
     7
  6
Continuous
370
    35
390
F
347
21
348
0
1001
AcAecLayerStandard
1000

1000

1001
AcCmTransparency
1071
        0
  0
LAYER
  5
187
330
2
100
AcDbSymbolTableRecord
100
AcDbLayerTableRecord
  2
Smart Centers
 70
     0
 62
     7
  6
CENTER2
370
    25
390
F
347
21
348
0
  0
LAYER
  5
2AA
330
2
100
AcDbSymbolTableRecord
100
AcDbLayerTableRecord
  2
FD_Dimensions
 70
     0
 62
     7
  6
Continuous
370
    25
390
F
347
21
348
0
  0
ENDTAB
  0
TABLE
  2
STYLE
  5
3
330
0
100
AcDbSymbolTable
 70
     5
  0
STYLE
  5
55
330
3
100
AcDbSymbolTableRecord
100
AcDbTextStyleTableRecord
  2
Standard
 70
     0
 40
0.0
 41
1.0
 50
0.0
 71
     0
 42
0.12
  3
Arial.ttf
  4

1001
ACAD
1000
Arial
1071
       34
  0
STYLE
  5
5A
330
3
100
AcDbSymbolTableRecord
100
AcDbTextStyleTableRecord
  2
Annotative
 70
     0
 40
0.0
 41
1.0
 50
0.0
 71
     0
 42
0.2
  3
txt
  4

1001
AcadAnnotative
1000
AnnotativeData
1002
{
1070
     1
1070
     1
1002
}
  0
STYLE
  5
99
330
3
100
AcDbSymbolTableRecord
100
AcDbTextStyleTableRecord
  2
FusionTitle
 70
     0
 40
0.0
 41
1.0
 50
0.0
 71
     0
 42
0.2
  3
Arial.ttf
  4

1001
ACAD
1000
Arial
1071
       34
  0
STYLE
  5
9A
330
3
100
AcDbSymbolTableRecord
100
AcDbTextStyleTableRecord
  2

 70
     1
 40
0.0
 41
1.0
 50
0.0
 71
     0
 42
0.12
  3
genltshp.shx
  4

  0
STYLE
  5
9B
330
3
100
AcDbSymbolTableRecord
100
AcDbTextStyleTableRecord
  2
ACANSGDT
 70
     0
 40
0.0
 41
1.0
 50
0.0
 71
     0
 42
0.12
  3
amgdt.shx
  4

  0
ENDTAB
  0
TABLE
  2
VIEW
  5
6
330
0
100
AcDbSymbolTable
 70
     0
  0
ENDTAB
  0
TABLE
  2
UCS
  5
7
330
0
100
AcDbSymbolTable
 70
     0
  0
ENDTAB
  0
TABLE
  2
APPID
  5
9
330
0
100
AcDbSymbolTable
 70
    26
  0
APPID
  5
56
330
9
100
AcDbSymbolTableRecord
100
AcDbRegAppTableRecord
  2
ACAD
 70
     0
  0
APPID
  5
5E
330
9
100
AcDbSymbolTableRecord
100
AcDbRegAppTableRecord
  2
AcadAnnotative
 70
     0
  0
APPID
  5
78
330
9
100
AcDbSymbolTableRecord
100
AcDbRegAppTableRecord
  2
ACAD_PSEXT
 70
     0
  0
APPID
  5
7A
330
9
100
AcDbSymbolTableRecord
100
AcDbRegAppTableRecord
  2
MCAD_NO_VIS
 70
     0
  0
APPID
  5
7B
330
9
100
AcDbSymbolTableRecord
100
AcDbRegAppTableRecord
  2
ACAD_TEMP_GRAPHIC
 70
     0
  0
APPID
  5
84
330
9
100
AcDbSymbolTableRecord
100
AcDbRegAppTableRecord
  2
ACAD_DSTYLE_DIMJAG
 70
     0
  0
APPID
  5
85
330
9
100
AcDbSymbolTableRecord
100
AcDbRegAppTableRecord
  2
ACAD_DSTYLE_DIMTALN
 70
     0
  0
APPID
  5
86
330
9
100
AcDbSymbolTableRecord
100
AcDbRegAppTableRecord
  2
ACAD_NAV_VCDISPLAY
 70
     0
  0
APPID
  5
87
330
9
100
AcDbSymbolTableRecord
100
AcDbRegAppTableRecord
  2
AcAecLayerStandard
 70
     0
  0
APPID
  5
88
330
9
100
AcDbSymbolTableRecord
100
AcDbRegAppTableRecord
  2
AcCmTransparency
 70
     0
  0
APPID
  5
89
330
9
100
AcDbSymbolTableRecord
100
AcDbRegAppTableRecord
  2
AcDbDynamicBlockGUID
 70
     0
  0
APPID
  5
8A
330
9
100
AcDbSymbolTableRecord
100
AcDbRegAppTableRecord
  2
ACAD_DSTYLE_DIMBREAK
 70
     0
  0
APPID
  5
8B
330
9
100
AcDbSymbolTableRecord
100
AcDbRegAppTableRecord
  2
ACAD_DSTYLE_DIMRADIAL_EXTENSION
 70
     0
  0
APPID
  5
8C
330
9
100
AcDbSymbolTableRecord
100
AcDbRegAppTableRecord
  2
ACAD_TC
 70
     0
  0
APPID
  5
8D
330
9
100
AcDbSymbolTableRecord
100
AcDbRegAppTableRecord
  2
FUSIONTITLEBLOCK
 70
     0
  0
APPID
  5
8E
330
9
100
AcDbSymbolTableRecord
100
AcDbRegAppTableRecord
  2
FUSIONCURRENTTITLEBLOCK
 70
     0
  0
APPID
  5
8F
330
9
100
AcDbSymbolTableRecord
100
AcDbRegAppTableRecord
  2
AcSynergy
 70
     0
  0
APPID
  5
90
330
9
100
AcDbSymbolTableRecord
100
AcDbRegAppTableRecord
  2
GENIUS_GENSCREG_15
 70
     0
  0
APPID
  5
91
330
9
100
AcDbSymbolTableRecord
100
AcDbRegAppTableRecord
  2
GENIUS_GENOBJ-N-SDF_13
 70
     0
  0
APPID
  5
92
330
9
100
AcDbSymbolTableRecord
100
AcDbRegAppTableRecord
  2
GENIUS_GENODEF_13
 70
     0
  0
APPID
  5
93
330
9
100
AcDbSymbolTableRecord
100
AcDbRegAppTableRecord
  2
ACAD_DIMASSOC_CALC_DIMLFAC
 70
     0
  0
APPID
  5
94
330
9
100
AcDbSymbolTableRecord
100
AcDbRegAppTableRecord
  2
ACAD_DIMASSOC_DIMLFAC
 70
     0
  0
APPID
  5
95
330
9
100
AcDbSymbolTableRecord
100
AcDbRegAppTableRecord
  2
ACAD_DIMASSOC_OVERRIDDEN_DIMLFAC
 70
     0
  0
APPID
  5
96
330
9
100
AcDbSymbolTableRecord
100
AcDbRegAppTableRecord
  2
ACAD_DSTYLE_DIMJAG_POSITION
 70
     0
  0
APPID
  5
97
330
9
100
AcDbSymbolTableRecord
100
AcDbRegAppTableRecord
  2
FUSIONTITLEBLOCKATTRIBUTEOVERRIDE
 70
     0
  0
APPID
  5
98
330
9
100
AcDbSymbolTableRecord
100
AcDbRegAppTableRecord
  2
ACATTRIBSERVICES
 70
     0
  0
ENDTAB
  0
TABLE
  2
DIMSTYLE
  5
A
330
0
100
AcDbSymbolTable
 70
     3
100
AcDbDimStyleTable
 71
     1
340
A5
  0
DIMSTYLE
105
58
330
A
100
AcDbSymbolTableRecord
100
AcDbDimStyleTableRecord
  2
Standard
 70
     0
  4
mm
 41
0.12
 42
0.07
 43
0.36
 44
0.07
 47
0.01
 48
0.01
 78
    12
 79
     3
 90
        1
140
0.12
141
0.0
143
1.0
147
0.05
176
   256
177
   256
178
   256
179
     2
271
     2
272
     2
284
    12
285
     8
340
55
  0
DIMSTYLE
105
59
330
A
100
AcDbSymbolTableRecord
100
AcDbDimStyleTableRecord
  2
Annotative
 70
     0
 40
0.0
 41
0.12
 42
0.07
 43
0.36
 44
0.07
 78
    12
 79
     3
140
0.12
143
1.0
147
0.05
179
     2
271
     2
272
     2
284
    12
340
55
1001
AcadAnnotative
1000
AnnotativeData
1002
{
1070
     1
1070
     1
1002
}
  0
DIMSTYLE
105
A5
102
{ACAD_REACTORS
330
2A9
330
2B8
330
2C6
330
2D0
330
2DA
330
2E8
330
2F6
330
304
102
}
330
A
100
AcDbSymbolTableRecord
100
AcDbDimStyleTableRecord
  2
Dim-Standard
 70
     0
 41
0.12
 42
0.07
 43
0.36
 44
0.07
 47
0.01
 48
0.01
 78
    12
 79
     3
 90
        1
140
0.12
141
0.0
147
0.05
179
     2
271
     2
272
     2
284
    12
285
    12
286
    12
340
55
1001
ACAD_DSTYLE_DIMJAG
1070
   388
1040
1.5
1001
ACAD_DSTYLE_DIMTALN
1070
   392
1070
     1
1001
ACAD_DSTYLE_DIMBREAK
1070
   391
1040
0.12
  0
ENDTAB
  0
TABLE
  2
BLOCK_RECORD
  5
1
330
0
100
AcDbSymbolTable
 70
    49
  0
BLOCK_RECORD
  5
70
102
{ACAD_XDICTIONARY
360
B6
102
}
330
1
100
AcDbSymbolTableRecord
100
AcDbBlockTableRecord
  2
*Model_Space
340
73
 70
     0
280
     1
281
     0
  0
BLOCK_RECORD
  5
6C
330
1
100
AcDbSymbolTableRecord
100
AcDbBlockTableRecord
  2
*Paper_Space
340
6F
 70
     0
280
     1
281
     0
  0
BLOCK_RECORD
  5
74
330
1
100
AcDbSymbolTableRecord
100
AcDbBlockTableRecord
  2
*Paper_Space0
340
77
 70
     0
280
     1
281
     0
  0
BLOCK_RECORD
  5
E9
102
{ACAD_XDICTIONARY
360
EA
102
}
330
1
100
AcDbSymbolTableRecord
100
AcDbBlockTableRecord
  2
ANSI_D_SHEET
340
0
310
2800000020000000200000000100080000000000000400000000000000000000000000000000000000000000000080000080000000808000800000008000800080800000C0C0C000C0DCC000F0CAA6000020400000206000002080000020A0000020C0000020E00000400000004020000040400000406000004080000040A0
310
000040C0000040E00000600000006020000060400000606000006080000060A0000060C0000060E00000800000008020000080400000806000008080000080A0000080C0000080E00000A0000000A0200000A0400000A0600000A0800000A0A00000A0C00000A0E00000C0000000C0200000C0400000C0600000C0800000C0
310
A00000C0C00000C0E00000E0000000E0200000E0400000E0600000E0800000E0A00000E0C00000E0E00040000000400020004000400040006000400080004000A0004000C0004000E00040200000402020004020400040206000402080004020A0004020C0004020E000404000004040200040404000404060004040800040
310
40A0004040C0004040E00040600000406020004060400040606000406080004060A0004060C0004060E00040800000408020004080400040806000408080004080A0004080C0004080E00040A0000040A0200040A0400040A0600040A0800040A0A00040A0C00040A0E00040C0000040C0200040C0400040C0600040C08000
310
40C0A00040C0C00040C0E00040E0000040E0200040E0400040E0600040E0800040E0A00040E0C00040E0E00080000000800020008000400080006000800080008000A0008000C0008000E00080200000802020008020400080206000802080008020A0008020C0008020E00080400000804020008040400080406000804080
310
008040A0008040C0008040E00080600000806020008060400080606000806080008060A0008060C0008060E00080800000808020008080400080806000808080008080A0008080C0008080E00080A0000080A0200080A0400080A0600080A0800080A0A00080A0C00080A0E00080C0000080C0200080C0400080C0600080C0
310
800080C0A00080C0C00080C0E00080E0000080E0200080E0400080E0600080E0800080E0A00080E0C00080E0E000C0000000C0002000C0004000C0006000C0008000C000A000C000C000C000E000C0200000C0202000C0204000C0206000C0208000C020A000C020C000C020E000C0400000C0402000C0404000C0406000C0
310
408000C040A000C040C000C040E000C0600000C0602000C0604000C0606000C0608000C060A000C060C000C060E000C0800000C0802000C0804000C0806000C0808000C080A000C080C000C080E000C0A00000C0A02000C0A04000C0A06000C0A08000C0A0A000C0A0C000C0A0E000C0C00000C0C02000C0C04000C0C06000
310
C0C08000C0C0A000F0FBFF00A4A0A000808080000000FF0000FF000000FFFF00FF000000FF00FF00FFFF0000FFFFFF0049494949494949494949494949494949494949494949494949494949494949494949494949494949494949494949494949494949494949494949494949494949494949494949494949494949494949
310
494949494949494949494949494949494949494949494949494949494949494949494949494949494949494949494949494949494949494949494949494949494949494949494949494949494949494949494949494949494949494949494949494949494949494949494949494949494949FFFFFF49FF49FFFF49FF49FF49
310
FF49FFFF49FF49FF49FFFF49FF49FFFFFF4949FFFFFFFFFFFFFFFFFFFFFFFFFFFFFFFFFFFFFFFFFFFFFFFFFFFFFFFFFFFF494949FF4949494949494949494949494949494949494949494949494949FF49494949FF4949494949494949494949494949494949494949494949494949FF49494949FF49494949494949494949
310
49494949494949494949494949494949FF49494949FF4949494949494949494949494949494949494949494949494949FF49494949FF4949494949494949494949494949494949494949494949494949FF49494949FF4949494949494949494949494949494949494949494949494949FF49494949FF494949494949494949
310
4949494949494949494949494949494949FF49494949FF4949494949494949494949494949494949494949494949494949FF49494949FF4949494949494949494949494949494949494949494949494949FF49494949FF4949494949494949494949494949494949494949494949494949FF49494949FF4949494949494949
310
494949494949494949494949494949494949FF49494949FF4949494949494949494949494949494949494949494949494949FF49494949FF4949494949494949494949494949494949494949494949494949FF49494949FF4949494949494949494949494949494949494949494949494949FF49494949FF49494949494949
310
49494949494949494949494949494949494949FF49494949FF4949494949494949494949494949494949494949494949494949FF494949FFFFFFFFFFFFFFFFFFFFFFFFFFFFFFFFFFFFFFFFFFFFFFFFFFFFFFFFFFFF4949FFFFFF49FF49FFFF49FF49FF49FF49FFFF49FF49FF49FFFF49FF49FFFFFF49494949494949494949
310
49494949494949494949494949494949494949494949494949494949494949494949494949494949494949494949494949494949494949494949494949494949494949494949494949494949494949494949494949494949494949494949494949494949494949494949494949494949494949494949494949494949494949
310
4949494949494949494949494949494949494949494949494949494949494949494949494949494949494949494949494949494949494949
102
{BLKREFS
331
E7
102
}
 70
     1
280
     1
281
     0
1001
AcDbDynamicBlockGUID
1000
{B58E7C9A-319F-5447-B702-347342015D72}
  0
BLOCK_RECORD
  5
133
102
{ACAD_XDICTIONARY
360
134
102
}
330
1
100
AcDbSymbolTableRecord
100
AcDbBlockTableRecord
  2
ANSI_TITLEBLOCK
340
0
310
2800000020000000200000000100080000000000000400000000000000000000000000000000000000000000000080000080000000808000800000008000800080800000C0C0C000C0DCC000F0CAA6000020400000206000002080000020A0000020C0000020E00000400000004020000040400000406000004080000040A0
310
000040C0000040E00000600000006020000060400000606000006080000060A0000060C0000060E00000800000008020000080400000806000008080000080A0000080C0000080E00000A0000000A0200000A0400000A0600000A0800000A0A00000A0C00000A0E00000C0000000C0200000C0400000C0600000C0800000C0
310
A00000C0C00000C0E00000E0000000E0200000E0400000E0600000E0800000E0A00000E0C00000E0E00040000000400020004000400040006000400080004000A0004000C0004000E00040200000402020004020400040206000402080004020A0004020C0004020E000404000004040200040404000404060004040800040
310
40A0004040C0004040E00040600000406020004060400040606000406080004060A0004060C0004060E00040800000408020004080400040806000408080004080A0004080C0004080E00040A0000040A0200040A0400040A0600040A0800040A0A00040A0C00040A0E00040C0000040C0200040C0400040C0600040C08000
310
40C0A00040C0C00040C0E00040E0000040E0200040E0400040E0600040E0800040E0A00040E0C00040E0E00080000000800020008000400080006000800080008000A0008000C0008000E00080200000802020008020400080206000802080008020A0008020C0008020E00080400000804020008040400080406000804080
310
008040A0008040C0008040E00080600000806020008060400080606000806080008060A0008060C0008060E00080800000808020008080400080806000808080008080A0008080C0008080E00080A0000080A0200080A0400080A0600080A0800080A0A00080A0C00080A0E00080C0000080C0200080C0400080C0600080C0
310
800080C0A00080C0C00080C0E00080E0000080E0200080E0400080E0600080E0800080E0A00080E0C00080E0E000C0000000C0002000C0004000C0006000C0008000C000A000C000C000C000E000C0200000C0202000C0204000C0206000C0208000C020A000C020C000C020E000C0400000C0402000C0404000C0406000C0
310
408000C040A000C040C000C040E000C0600000C0602000C0604000C0606000C0608000C060A000C060C000C060E000C0800000C0802000C0804000C0806000C0808000C080A000C080C000C080E000C0A00000C0A02000C0A04000C0A06000C0A08000C0A0A000C0A0C000C0A0E000C0C00000C0C02000C0C04000C0C06000
310
C0C08000C0C0A000F0FBFF00A4A0A000808080000000FF0000FF000000FFFF00FF000000FF00FF00FFFF0000FFFFFF0049494949494949494949494949494949494949494949494949494949494949494949494949494949494949494949494949494949494949494949494949494949494949494949494949494949494949
310
49494949494949494949494949494949494949494949494949494949494949494949494949494949494949494949494949494949494949494949494949494949494949494949494949494949494949494949494949494949494949494949494949494949494949494949494949494949494949494949494949494949494949
310
49494949494949494949494949494949494949494949494949494949494949494949494949494949494949494949494949494949494949494949494949494949494949494949494949494949494949494949494949494949494949494949494949494949494949494949494949494949494949494949494949494949494949
310
4949494949494949494949494949494949494949FFFFFFFFFFFFFFFFFFFFFFFFFFFFFFFFFFFFFFFFFFFFFFFFFFFFFFFFFFFF4949FFFFFFFFFFFFFFFFFFFFFFFFFFFFFFFFFFFFFFFFFFFFFFFFFFFFFFFFFFFF4949FFFFFFFFFFFFFFFFFFFFFFFFFFFFFF49FFFFFFFF49494949494949FFFFFF4949FFFFFFFFFFFFFFFFFFFFFF
310
FFFFFFFFFFFFFFFFFFFFFFFFFFFFFFFFFFFFFF4949FF494949494949494949FFFFFFFFFFFF49494949494949494949494949FF4949FF494949494949494949FFFFFFFFFFFF49494949494949494949494949FF4949FF494949494949494949FFFFFFFF49FF49494949494949494949494949FF4949FF494949494949494949
310
FFFFFFFFFFFFFFFFFFFFFFFFFFFFFFFFFFFFFFFF4949FF494949494949494949FFFFFFFFFFFFFF494949494949494949494949FF4949FFFFFFFFFFFFFFFFFFFFFFFFFFFFFFFFFFFFFFFFFFFFFFFFFFFFFFFFFFFF49494949494949494949494949494949494949494949494949494949494949494949494949494949494949
310
49494949494949494949494949494949494949494949494949494949494949494949494949494949494949494949494949494949494949494949494949494949494949494949494949494949494949494949494949494949494949494949494949494949494949494949494949494949494949494949494949494949494949
310
49494949494949494949494949494949494949494949494949494949494949494949494949494949494949494949494949494949494949494949494949494949494949494949494949494949494949494949494949494949494949494949494949494949494949494949494949494949494949494949494949494949494949
310
4949494949494949494949494949494949494949494949494949494949494949494949494949494949494949494949494949494949494949
102
{BLKREFS
331
131
102
}
 70
     1
280
     1
281
     0
1001
AcDbDynamicBlockGUID
1000
{8850EF2E-43DF-C94F-885A-9776182035A7}
1001
FUSIONTITLEBLOCK
1000
TitleBlock
  0
BLOCK_RECORD
  5
188
330
1
100
AcDbSymbolTableRecord
100
AcDbBlockTableRecord
  2
*U4
340
0
102
{BLKREFS
331
186
102
}
 70
     0
280
     1
281
     0
  0
BLOCK_RECORD
  5
192
330
1
100
AcDbSymbolTableRecord
100
AcDbBlockTableRecord
  2
*U5
340
0
102
{BLKREFS
331
191
102
}
 70
     0
280
     1
281
     0
  0
BLOCK_RECORD
  5
19C
330
1
100
AcDbSymbolTableRecord
100
AcDbBlockTableRecord
  2
*U6
340
0
102
{BLKREFS
331
19B
102
}
 70
     0
280
     1
281
     0
  0
BLOCK_RECORD
  5
1A6
330
1
100
AcDbSymbolTableRecord
100
AcDbBlockTableRecord
  2
*U7
340
0
102
{BLKREFS
331
1A5
102
}
 70
     0
280
     1
281
     0
  0
BLOCK_RECORD
  5
1B0
330
1
100
AcDbSymbolTableRecord
100
AcDbBlockTableRecord
  2
*U8
340
0
102
{BLKREFS
331
1AF
102
}
 70
     0
280
     1
281
     0
  0
BLOCK_RECORD
  5
1BA
330
1
100
AcDbSymbolTableRecord
100
AcDbBlockTableRecord
  2
*U9
340
0
102
{BLKREFS
331
1B9
102
}
 70
     0
280
     1
281
     0
  0
BLOCK_RECORD
  5
1C4
330
1
100
AcDbSymbolTableRecord
100
AcDbBlockTableRecord
  2
*U10
340
0
102
{BLKREFS
331
1C3
102
}
 70
     0
280
     1
281
     0
  0
BLOCK_RECORD
  5
1CE
330
1
100
AcDbSymbolTableRecord
100
AcDbBlockTableRecord
  2
*U11
340
0
102
{BLKREFS
331
1CD
102
}
 70
     0
280
     1
281
     0
  0
BLOCK_RECORD
  5
1D8
330
1
100
AcDbSymbolTableRecord
100
AcDbBlockTableRecord
  2
*U12
340
0
102
{BLKREFS
331
1D7
102
}
 70
     0
280
     1
281
     0
  0
BLOCK_RECORD
  5
1E2
330
1
100
AcDbSymbolTableRecord
100
AcDbBlockTableRecord
  2
*U13
340
0
102
{BLKREFS
331
1E1
102
}
 70
     0
280
     1
281
     0
  0
BLOCK_RECORD
  5
1EC
330
1
100
AcDbSymbolTableRecord
100
AcDbBlockTableRecord
  2
*U14
340
0
102
{BLKREFS
331
1EB
102
}
 70
     0
280
     1
281
     0
  0
BLOCK_RECORD
  5
1F6
330
1
100
AcDbSymbolTableRecord
100
AcDbBlockTableRecord
  2
*U15
340
0
102
{BLKREFS
331
1F5
102
}
 70
     0
280
     1
281
     0
  0
BLOCK_RECORD
  5
200
330
1
100
AcDbSymbolTableRecord
100
AcDbBlockTableRecord
  2
*U16
340
0
102
{BLKREFS
331
1FF
102
}
 70
     0
280
     1
281
     0
  0
BLOCK_RECORD
  5
20A
330
1
100
AcDbSymbolTableRecord
100
AcDbBlockTableRecord
  2
*U17
340
0
102
{BLKREFS
331
209
102
}
 70
     0
280
     1
281
     0
  0
BLOCK_RECORD
  5
214
330
1
100
AcDbSymbolTableRecord
100
AcDbBlockTableRecord
  2
*U18
340
0
102
{BLKREFS
331
213
102
}
 70
     0
280
     1
281
     0
  0
BLOCK_RECORD
  5
21E
330
1
100
AcDbSymbolTableRecord
100
AcDbBlockTableRecord
  2
*U19
340
0
102
{BLKREFS
331
21D
102
}
 70
     0
280
     1
281
     0
  0
BLOCK_RECORD
  5
228
330
1
100
AcDbSymbolTableRecord
100
AcDbBlockTableRecord
  2
*U20
340
0
102
{BLKREFS
331
227
102
}
 70
     0
280
     1
281
     0
  0
BLOCK_RECORD
  5
232
330
1
100
AcDbSymbolTableRecord
100
AcDbBlockTableRecord
  2
*U21
340
0
102
{BLKREFS
331
231
102
}
 70
     0
280
     1
281
     0
  0
BLOCK_RECORD
  5
23C
330
1
100
AcDbSymbolTableRecord
100
AcDbBlockTableRecord
  2
*U22
340
0
102
{BLKREFS
331
23B
102
}
 70
     0
280
     1
281
     0
  0
BLOCK_RECORD
  5
246
330
1
100
AcDbSymbolTableRecord
100
AcDbBlockTableRecord
  2
*U23
340
0
102
{BLKREFS
331
245
102
}
 70
     0
280
     1
281
     0
  0
BLOCK_RECORD
  5
250
330
1
100
AcDbSymbolTableRecord
100
AcDbBlockTableRecord
  2
*U24
340
0
102
{BLKREFS
331
24F
102
}
 70
     0
280
     1
281
     0
  0
BLOCK_RECORD
  5
25A
330
1
100
AcDbSymbolTableRecord
100
AcDbBlockTableRecord
  2
*U25
340
0
102
{BLKREFS
331
259
102
}
 70
     0
280
     1
281
     0
  0
BLOCK_RECORD
  5
264
330
1
100
AcDbSymbolTableRecord
100
AcDbBlockTableRecord
  2
*U26
340
0
102
{BLKREFS
331
263
102
}
 70
     0
280
     1
281
     0
  0
BLOCK_RECORD
  5
26E
330
1
100
AcDbSymbolTableRecord
100
AcDbBlockTableRecord
  2
*U27
340
0
102
{BLKREFS
331
26D
102
}
 70
     0
280
     1
281
     0
  0
BLOCK_RECORD
  5
278
330
1
100
AcDbSymbolTableRecord
100
AcDbBlockTableRecord
  2
*U28
340
0
102
{BLKREFS
331
277
102
}
 70
     0
280
     1
281
     0
  0
BLOCK_RECORD
  5
282
330
1
100
AcDbSymbolTableRecord
100
AcDbBlockTableRecord
  2
*U29
340
0
102
{BLKREFS
331
281
102
}
 70
     0
280
     1
281
     0
  0
BLOCK_RECORD
  5
28C
330
1
100
AcDbSymbolTableRecord
100
AcDbBlockTableRecord
  2
*U30
340
0
102
{BLKREFS
331
28B
102
}
 70
     0
280
     1
281
     0
  0
BLOCK_RECORD
  5
296
330
1
100
AcDbSymbolTableRecord
100
AcDbBlockTableRecord
  2
*U31
340
0
102
{BLKREFS
331
295
102
}
 70
     0
280
     1
281
     0
  0
BLOCK_RECORD
  5
2A0
330
1
100
AcDbSymbolTableRecord
100
AcDbBlockTableRecord
  2
*U32
340
0
102
{BLKREFS
331
29F
102
}
 70
     0
280
     1
281
     0
  0
BLOCK_RECORD
  5
2AB
330
1
100
AcDbSymbolTableRecord
100
AcDbBlockTableRecord
  2
*D33
340
0
 70
     0
280
     1
281
     0
  0
BLOCK_RECORD
  5
2B9
330
1
100
AcDbSymbolTableRecord
100
AcDbBlockTableRecord
  2
*D34
340
0
 70
     0
280
     1
281
     0
  0
BLOCK_RECORD
  5
2C7
330
1
100
AcDbSymbolTableRecord
100
AcDbBlockTableRecord
  2
*D35
340
0
 70
     0
280
     1
281
     0
  0
BLOCK_RECORD
  5
2D1
330
1
100
AcDbSymbolTableRecord
100
AcDbBlockTableRecord
  2
*D36
340
0
 70
     0
280
     1
281
     0
  0
BLOCK_RECORD
  5
2DB
330
1
100
AcDbSymbolTableRecord
100
AcDbBlockTableRecord
  2
*D37
340
0
 70
     0
280
     1
281
     0
  0
BLOCK_RECORD
  5
2E9
330
1
100
AcDbSymbolTableRecord
100
AcDbBlockTableRecord
  2
*D38
340
0
 70
     0
280
     1
281
     0
  0
BLOCK_RECORD
  5
2F7
330
1
100
AcDbSymbolTableRecord
100
AcDbBlockTableRecord
  2
*D39
340
0
 70
     0
280
     1
281
     0
  0
BLOCK_RECORD
  5
305
330
1
100
AcDbSymbolTableRecord
100
AcDbBlockTableRecord
  2
*D40
340
0
 70
     0
280
     1
281
     0
  0
BLOCK_RECORD
  5
313
330
1
100
AcDbSymbolTableRecord
100
AcDbBlockTableRecord
  2
*D41
340
0
 70
     0
280
     1
281
     0
  0
BLOCK_RECORD
  5
320
330
1
100
AcDbSymbolTableRecord
100
AcDbBlockTableRecord
  2
*D42
340
0
 70
     0
280
     1
281
     0
  0
BLOCK_RECORD
  5
32D
330
1
100
AcDbSymbolTableRecord
100
AcDbBlockTableRecord
  2
*D43
340
0
 70
     0
280
     1
281
     0
  0
BLOCK_RECORD
  5
336
330
1
100
AcDbSymbolTableRecord
100
AcDbBlockTableRecord
  2
*D44
340
0
 70
     0
280
     1
281
     0
  0
BLOCK_RECORD
  5
33F
330
1
100
AcDbSymbolTableRecord
100
AcDbBlockTableRecord
  2
*D45
340
0
 70
     0
280
     1
281
     0
  0
BLOCK_RECORD
  5
34C
330
1
100
AcDbSymbolTableRecord
100
AcDbBlockTableRecord
  2
*D46
340
0
 70
     0
280
     1
281
     0
  0
BLOCK_RECORD
  5
359
330
1
100
AcDbSymbolTableRecord
100
AcDbBlockTableRecord
  2
*D47
340
0
 70
     0
280
     1
281
     0
  0
BLOCK_RECORD
  5
366
330
1
100
AcDbSymbolTableRecord
100
AcDbBlockTableRecord
  2
*D48
340
0
 70
     0
280
     1
281
     0
  0
ENDTAB
  0
ENDSEC
  0
SECTION
  2
BLOCKS
  0
BLOCK
  5
71
330
70
100
AcDbEntity
  8
0
100
AcDbBlockBegin
  2
*Model_Space
 70
     0
 10
0.0
 20
0.0
 30
0.0
  3
*Model_Space
  1

  0
ENDBLK
  5
72
330
70
100
AcDbEntity
  8
0
100
AcDbBlockEnd
  0
BLOCK
  5
6D
330
6C
100
AcDbEntity
 67
     1
  8
0
100
AcDbBlockBegin
  2
*Paper_Space
 70
     0
 10
0.0
 20
0.0
 30
0.0
  3
*Paper_Space
  1

  0
ENDBLK
  5
6E
330
6C
100
AcDbEntity
 67
     1
  8
0
100
AcDbBlockEnd
  0
BLOCK
  5
75
330
74
100
AcDbEntity
 67
     1
  8
0
100
AcDbBlockBegin
  2
*Paper_Space0
 70
     0
 10
0.0
 20
0.0
 30
0.0
  3
*Paper_Space0
  1

  0
ENDBLK
  5
76
330
74
100
AcDbEntity
 67
     1
  8
0
100
AcDbBlockEnd
  0
BLOCK
  5
EB
330
E9
100
AcDbEntity
  8
0
100
AcDbBlockBegin
  2
ANSI_D_SHEET
 70
     0
 10
0.0
 20
0.0
 30
0.0
  3
ANSI_D_SHEET
  1

  0
LINE
  5
EC
330
E9
100
AcDbEntity
  8
Border
100
AcDbLine
 10
1.0
 20
0.5
 30
0.0
 11
33.0
 21
0.5
 31
0.0
  0
LINE
  5
ED
330
E9
100
AcDbEntity
  8
Border
100
AcDbLine
 10
33.0
 20
0.5
 30
0.0
 11
33.0
 21
21.5
 31
0.0
  0
LINE
  5
EE
330
E9
100
AcDbEntity
  8
Border
100
AcDbLine
 10
33.0
 20
21.5
 30
0.0
 11
1.0
 21
21.5
 31
0.0
  0
LINE
  5
EF
330
E9
100
AcDbEntity
  8
Border
100
AcDbLine
 10
17.11547
 20
21.7
 30
0.0
 11
16.88453
 21
21.7
 31
0.0
  0
LINE
  5
F0
330
E9
100
AcDbEntity
  8
Border
100
AcDbLine
 10
1.0
 20
21.5
 30
0.0
 11
1.0
 21
0.5
 31
0.0
  0
LINE
  5
F1
330
E9
100
AcDbEntity
  8
Defpoints
100
AcDbLine
 10
0.0
 20
0.5
 30
0.0
 11
0.0
 21
0.0
 31
0.0
  0
LINE
  5
F2
330
E9
100
AcDbEntity
  8
Defpoints
100
AcDbLine
 10
0.0
 20
0.0
 30
0.0
 11
0.5
 21
0.0
 31
0.0
  0
LINE
  5
F3
330
E9
100
AcDbEntity
  8
Defpoints
100
AcDbLine
 10
0.0
 20
21.5
 30
0.0
 11
0.0
 21
22.0
 31
0.0
  0
LINE
  5
F4
330
E9
100
AcDbEntity
  8
Defpoints
100
AcDbLine
 10
0.0
 20
22.0
 30
0.0
 11
0.5
 21
22.0
 31
0.0
  0
LINE
  5
F5
330
E9
100
AcDbEntity
  8
Defpoints
100
AcDbLine
 10
34.0
 20
0.5
 30
0.0
 11
34.0
 21
0.0
 31
0.0
  0
LINE
  5
F6
330
E9
100
AcDbEntity
  8
Defpoints
100
AcDbLine
 10
34.0
 20
0.0
 30
0.0
 11
33.5
 21
0.0
 31
0.0
  0
LINE
  5
F7
330
E9
100
AcDbEntity
  8
Defpoints
100
AcDbLine
 10
34.0
 20
21.5
 30
0.0
 11
34.0
 21
22.0
 31
0.0
  0
LINE
  5
F8
330
E9
100
AcDbEntity
  8
Defpoints
100
AcDbLine
 10
34.0
 20
22.0
 30
0.0
 11
33.5
 21
22.0
 31
0.0
  0
LINE
  5
F9
330
E9
100
AcDbEntity
  8
Border
100
AcDbLine
 10
17.0
 20
21.5
 30
0.0
 11
17.0
 21
21.9
 31
0.0
  0
LINE
  5
FA
330
E9
100
AcDbEntity
  8
Border
100
AcDbLine
 10
21.25
 20
21.5
 30
0.0
 11
21.25
 21
21.9
 31
0.0
  0
LINE
  5
FB
330
E9
100
AcDbEntity
  8
Border
100
AcDbLine
 10
25.5
 20
21.5
 30
0.0
 11
25.5
 21
21.9
 31
0.0
  0
LINE
  5
FC
330
E9
100
AcDbEntity
  8
Border
100
AcDbLine
 10
29.75
 20
21.5
 30
0.0
 11
29.75
 21
21.9
 31
0.0
  0
LINE
  5
FD
330
E9
100
AcDbEntity
  8
Border
100
AcDbLine
 10
12.75
 20
21.5
 30
0.0
 11
12.75
 21
21.9
 31
0.0
  0
LINE
  5
FE
330
E9
100
AcDbEntity
  8
Border
100
AcDbLine
 10
8.5
 20
21.5
 30
0.0
 11
8.5
 21
21.9
 31
0.0
  0
LINE
  5
FF
330
E9
100
AcDbEntity
  8
Border
100
AcDbLine
 10
4.25
 20
21.5
 30
0.0
 11
4.25
 21
21.9
 31
0.0
  0
LINE
  5
100
330
E9
100
AcDbEntity
  8
Border
100
AcDbLine
 10
17.0
 20
21.5
 30
0.0
 11
17.11547
 21
21.7
 31
0.0
  0
LINE
  5
101
330
E9
100
AcDbEntity
  8
Border
100
AcDbLine
 10
17.0
 20
21.5
 30
0.0
 11
16.88453
 21
21.7
 31
0.0
  0
LINE
  5
102
330
E9
100
AcDbEntity
  8
Border
100
AcDbLine
 10
17.11547
 20
0.3
 30
0.0
 11
16.88453
 21
0.3
 31
0.0
  0
LINE
  5
103
330
E9
100
AcDbEntity
  8
Border
100
AcDbLine
 10
17.0
 20
0.5
 30
0.0
 11
17.0
 21
0.1
 31
0.0
  0
LINE
  5
104
330
E9
100
AcDbEntity
  8
Border
100
AcDbLine
 10
21.25
 20
0.5
 30
0.0
 11
21.25
 21
0.1
 31
0.0
  0
LINE
  5
105
330
E9
100
AcDbEntity
  8
Border
100
AcDbLine
 10
25.5
 20
0.5
 30
0.0
 11
25.5
 21
0.1
 31
0.0
  0
LINE
  5
106
330
E9
100
AcDbEntity
  8
Border
100
AcDbLine
 10
29.75
 20
0.5
 30
0.0
 11
29.75
 21
0.1
 31
0.0
  0
LINE
  5
107
330
E9
100
AcDbEntity
  8
Border
100
AcDbLine
 10
12.75
 20
0.5
 30
0.0
 11
12.75
 21
0.1
 31
0.0
  0
LINE
  5
108
330
E9
100
AcDbEntity
  8
Border
100
AcDbLine
 10
8.5
 20
0.5
 30
0.0
 11
8.5
 21
0.1
 31
0.0
  0
LINE
  5
109
330
E9
100
AcDbEntity
  8
Border
100
AcDbLine
 10
4.25
 20
0.5
 30
0.0
 11
4.25
 21
0.1
 31
0.0
  0
LINE
  5
10A
330
E9
100
AcDbEntity
  8
Border
100
AcDbLine
 10
17.0
 20
0.5
 30
0.0
 11
17.11547
 21
0.3
 31
0.0
  0
LINE
  5
10B
330
E9
100
AcDbEntity
  8
Border
100
AcDbLine
 10
17.0
 20
0.5
 30
0.0
 11
16.88453
 21
0.3
 31
0.0
  0
LINE
  5
10C
330
E9
100
AcDbEntity
  8
Border
100
AcDbLine
 10
0.8
 20
11.11547
 30
0.0
 11
0.8
 21
10.88453
 31
0.0
  0
LINE
  5
10D
330
E9
100
AcDbEntity
  8
Border
100
AcDbLine
 10
1.0
 20
11.0
 30
0.0
 11
0.6
 21
11.0
 31
0.0
  0
LINE
  5
10E
330
E9
100
AcDbEntity
  8
Border
100
AcDbLine
 10
1.0
 20
5.5
 30
0.0
 11
0.6
 21
5.5
 31
0.0
  0
LINE
  5
10F
330
E9
100
AcDbEntity
  8
Border
100
AcDbLine
 10
1.0
 20
16.5
 30
0.0
 11
0.6
 21
16.5
 31
0.0
  0
LINE
  5
110
330
E9
100
AcDbEntity
  8
Border
100
AcDbLine
 10
1.0
 20
11.0
 30
0.0
 11
0.8
 21
11.11547
 31
0.0
  0
LINE
  5
111
330
E9
100
AcDbEntity
  8
Border
100
AcDbLine
 10
1.0
 20
11.0
 30
0.0
 11
0.8
 21
10.88453
 31
0.0
  0
LINE
  5
112
330
E9
100
AcDbEntity
  8
Border
100
AcDbLine
 10
33.2
 20
11.11547
 30
0.0
 11
33.2
 21
10.88453
 31
0.0
  0
LINE
  5
113
330
E9
100
AcDbEntity
  8
Border
100
AcDbLine
 10
33.0
 20
11.0
 30
0.0
 11
33.4
 21
11.0
 31
0.0
  0
LINE
  5
114
330
E9
100
AcDbEntity
  8
Border
100
AcDbLine
 10
33.0
 20
5.5
 30
0.0
 11
33.4
 21
5.5
 31
0.0
  0
LINE
  5
115
330
E9
100
AcDbEntity
  8
Border
100
AcDbLine
 10
33.0
 20
16.5
 30
0.0
 11
33.4
 21
16.5
 31
0.0
  0
LINE
  5
116
330
E9
100
AcDbEntity
  8
Border
100
AcDbLine
 10
33.0
 20
11.0
 30
0.0
 11
33.2
 21
11.11547
 31
0.0
  0
LINE
  5
117
330
E9
100
AcDbEntity
  8
Border
100
AcDbLine
 10
33.0
 20
11.0
 30
0.0
 11
33.2
 21
10.88453
 31
0.0
  0
TEXT
  5
118
330
E9
100
AcDbEntity
  8
Border
100
AcDbText
 10
33.138186
 20
2.63
 30
0.0
 40
0.24
  1
A
  7
FusionTitle
 72
     4
 11
33.25
 21
2.75
 31
0.0
100
AcDbText
  0
TEXT
  5
119
330
E9
100
AcDbEntity
  8
Border
100
AcDbText
 10
31.781767
 20
0.129509
 30
0.0
 40
0.24
  1
1
  7
FusionTitle
 72
     4
 11
31.875
 21
0.25
 31
0.0
100
AcDbText
  0
TEXT
  5
11A
330
E9
100
AcDbEntity
  8
Border
100
AcDbText
 10
33.138186
 20
8.13
 30
0.0
 40
0.24
  1
B
  7
FusionTitle
 72
     4
 11
33.25
 21
8.25
 31
0.0
100
AcDbText
  0
TEXT
  5
11B
330
E9
100
AcDbEntity
  8
Border
100
AcDbText
 10
33.128936
 20
13.63
 30
0.0
 40
0.24
  1
C
  7
FusionTitle
 72
     4
 11
33.25
 21
13.75
 31
0.0
100
AcDbText
  0
TEXT
  5
11C
330
E9
100
AcDbEntity
  8
Border
100
AcDbText
 10
33.128936
 20
19.13
 30
0.0
 40
0.24
  1
D
  7
FusionTitle
 72
     4
 11
33.25
 21
19.25
 31
0.0
100
AcDbText
  0
TEXT
  5
11D
330
E9
100
AcDbEntity
  8
Border
100
AcDbText
 10
0.638186
 20
2.63
 30
0.0
 40
0.24
  1
A
  7
FusionTitle
 72
     4
 11
0.75
 21
2.75
 31
0.0
100
AcDbText
  0
TEXT
  5
11E
330
E9
100
AcDbEntity
  8
Border
100
AcDbText
 10
0.638186
 20
8.13
 30
0.0
 40
0.24
  1
B
  7
FusionTitle
 72
     4
 11
0.75
 21
8.25
 31
0.0
100
AcDbText
  0
TEXT
  5
11F
330
E9
100
AcDbEntity
  8
Border
100
AcDbText
 10
0.628936
 20
13.63
 30
0.0
 40
0.24
  1
C
  7
FusionTitle
 72
     4
 11
0.75
 21
13.75
 31
0.0
100
AcDbText
  0
TEXT
  5
120
330
E9
100
AcDbEntity
  8
Border
100
AcDbText
 10
0.628936
 20
19.13
 30
0.0
 40
0.24
  1
D
  7
FusionTitle
 72
     4
 11
0.75
 21
19.25
 31
0.0
100
AcDbText
  0
TEXT
  5
121
330
E9
100
AcDbEntity
  8
Border
100
AcDbText
 10
27.531767
 20
0.129509
 30
0.0
 40
0.24
  1
2
  7
FusionTitle
 72
     4
 11
27.625
 21
0.25
 31
0.0
100
AcDbText
  0
TEXT
  5
122
330
E9
100
AcDbEntity
  8
Border
100
AcDbText
 10
23.281767
 20
0.131637
 30
0.0
 40
0.24
  1
3
  7
FusionTitle
 72
     4
 11
23.375
 21
0.25
 31
0.0
100
AcDbText
  0
TEXT
  5
123
330
E9
100
AcDbEntity
  8
Border
100
AcDbText
 10
19.031767
 20
0.13
 30
0.0
 40
0.24
  1
4
  7
FusionTitle
 72
     4
 11
19.125
 21
0.25
 31
0.0
100
AcDbText
  0
TEXT
  5
124
330
E9
100
AcDbEntity
  8
Border
100
AcDbText
 10
14.781767
 20
0.133683
 30
0.0
 40
0.24
  1
5
  7
FusionTitle
 72
     4
 11
14.875
 21
0.25
 31
0.0
100
AcDbText
  0
TEXT
  5
125
330
E9
100
AcDbEntity
  8
Border
100
AcDbText
 10
10.531767
 20
0.131555
 30
0.0
 40
0.24
  1
6
  7
FusionTitle
 72
     4
 11
10.625
 21
0.25
 31
0.0
100
AcDbText
  0
TEXT
  5
126
330
E9
100
AcDbEntity
  8
Border
100
AcDbText
 10
6.281767
 20
0.131555
 30
0.0
 40
0.24
  1
7
  7
FusionTitle
 72
     4
 11
6.375
 21
0.25
 31
0.0
100
AcDbText
  0
TEXT
  5
127
330
E9
100
AcDbEntity
  8
Border
100
AcDbText
 10
2.031767
 20
0.131555
 30
0.0
 40
0.24
  1
8
  7
FusionTitle
 72
     4
 11
2.125
 21
0.25
 31
0.0
100
AcDbText
  0
TEXT
  5
128
330
E9
100
AcDbEntity
  8
Border
100
AcDbText
 10
31.781767
 20
21.629509
 30
0.0
 40
0.24
  1
1
  7
FusionTitle
 72
     4
 11
31.875
 21
21.75
 31
0.0
100
AcDbText
  0
TEXT
  5
129
330
E9
100
AcDbEntity
  8
Border
100
AcDbText
 10
27.531767
 20
21.629509
 30
0.0
 40
0.24
  1
2
  7
FusionTitle
 72
     4
 11
27.625
 21
21.75
 31
0.0
100
AcDbText
  0
TEXT
  5
12A
330
E9
100
AcDbEntity
  8
Border
100
AcDbText
 10
23.281767
 20
21.631637
 30
0.0
 40
0.24
  1
3
  7
FusionTitle
 72
     4
 11
23.375
 21
21.75
 31
0.0
100
AcDbText
  0
TEXT
  5
12B
330
E9
100
AcDbEntity
  8
Border
100
AcDbText
 10
19.031767
 20
21.63
 30
0.0
 40
0.24
  1
4
  7
FusionTitle
 72
     4
 11
19.125
 21
21.75
 31
0.0
100
AcDbText
  0
TEXT
  5
12C
330
E9
100
AcDbEntity
  8
Border
100
AcDbText
 10
14.781767
 20
21.633683
 30
0.0
 40
0.24
  1
5
  7
FusionTitle
 72
     4
 11
14.875
 21
21.75
 31
0.0
100
AcDbText
  0
TEXT
  5
12D
330
E9
100
AcDbEntity
  8
Border
100
AcDbText
 10
10.531767
 20
21.631555
 30
0.0
 40
0.24
  1
6
  7
FusionTitle
 72
     4
 11
10.625
 21
21.75
 31
0.0
100
AcDbText
  0
TEXT
  5
12E
330
E9
100
AcDbEntity
  8
Border
100
AcDbText
 10
6.281767
 20
21.631555
 30
0.0
 40
0.24
  1
7
  7
FusionTitle
 72
     4
 11
6.375
 21
21.75
 31
0.0
100
AcDbText
  0
TEXT
  5
12F
330
E9
100
AcDbEntity
  8
Border
100
AcDbText
 10
2.031767
 20
21.631555
 30
0.0
 40
0.24
  1
8
  7
FusionTitle
 72
     4
 11
2.125
 21
21.75
 31
0.0
100
AcDbText
  0
ENDBLK
  5
130
330
E9
100
AcDbEntity
  8
0
100
AcDbBlockEnd
  0
BLOCK
  5
136
330
133
100
AcDbEntity
  8
0
100
AcDbBlockBegin
  2
ANSI_TITLEBLOCK
 70
     2
 10
0.0
 20
0.0
 30
0.0
  3
ANSI_TITLEBLOCK
  1

  0
LINE
  5
137
330
133
100
AcDbEntity
  8
Titleblock
100
AcDbLine
 10
-7.74
 20
0.0
 30
0.0
 11
0.0
 21
0.0
 31
0.0
  0
LINE
  5
138
330
133
100
AcDbEntity
  8
Titleblock
100
AcDbLine
 10
-5.12
 20
1.88
 30
0.0
 11
0.0
 21
1.88
 31
0.0
  0
LINE
  5
139
330
133
100
AcDbEntity
  8
Titleblock
100
AcDbLine
 10
-7.74
 20
0.25
 30
0.0
 11
0.0
 21
0.25
 31
0.0
  0
LINE
  5
13A
330
133
100
AcDbEntity
  8
Titleblock
100
AcDbLine
 10
-7.74
 20
0.5
 30
0.0
 11
-5.12
 21
0.5
 31
0.0
  0
LINE
  5
13B
330
133
100
AcDbEntity
  8
Titleblock
100
AcDbLine
 10
-7.74
 20
0.75
 30
0.0
 11
0.0
 21
0.75
 31
0.0
  0
LINE
  5
13C
330
133
100
AcDbEntity
  8
Titleblock
100
AcDbLine
 10
0.0
 20
0.0
 30
0.0
 11
0.0
 21
2.5
 31
0.0
  0
LINE
  5
13D
330
133
100
AcDbEntity
  8
Titleblock
100
AcDbLine
 10
-4.75
 20
0.25
 30
0.0
 11
-4.75
 21
0.75
 31
0.0
  0
LINE
  5
13E
330
133
100
AcDbEntity
  8
Titleblock
100
AcDbLine
 10
-3.5
 20
0.25
 30
0.0
 11
-3.5
 21
0.75
 31
0.0
  0
LINE
  5
13F
330
133
100
AcDbEntity
  8
Titleblock
100
AcDbLine
 10
-5.12
 20
0.0
 30
0.0
 11
-5.12
 21
2.5
 31
0.0
  0
LINE
  5
140
330
133
100
AcDbEntity
  8
Titleblock
100
AcDbLine
 10
-3.75
 20
0.0
 30
0.0
 11
-3.75
 21
0.25
 31
0.0
  0
LINE
  5
141
330
133
100
AcDbEntity
  8
Titleblock
100
AcDbLine
 10
-1.75
 20
0.0
 30
0.0
 11
-1.75
 21
0.25
 31
0.0
  0
LINE
  5
142
330
133
100
AcDbEntity
  8
Titleblock
100
AcDbLine
 10
-0.5
 20
0.25
 30
0.0
 11
-0.5
 21
0.75
 31
0.0
  0
LINE
  5
143
330
133
100
AcDbEntity
  8
Titleblock
100
AcDbLine
 10
0.0
 20
2.5
 30
0.0
 11
-7.74
 21
2.5
 31
0.0
  0
LINE
  5
144
330
133
100
AcDbEntity
  8
Titleblock
100
AcDbLine
 10
-7.74
 20
2.5
 30
0.0
 11
-7.74
 21
0.0
 31
0.0
  0
TEXT
  5
145
330
133
100
AcDbEntity
  8
Titleblock
100
AcDbText
 10
-5.07
 20
2.35
 30
0.0
 40
0.1
  1
PROJECT
  7
FusionTitle
 11
-5.07
 21
2.45
 31
0.0
100
AcDbText
 73
     3
  0
TEXT
  5
146
330
133
100
AcDbEntity
  8
Titleblock
100
AcDbText
 10
-5.07
 20
1.73
 30
0.0
 40
0.1
  1
TITLE
  7
FusionTitle
 11
-5.07
 21
1.83
 31
0.0
100
AcDbText
 73
     3
  0
TEXT
  5
147
330
133
100
AcDbEntity
  8
Titleblock
100
AcDbText
 10
-7.69
 20
0.075
 30
0.0
 40
0.1
  1
DRAWN
  7
FusionTitle
 11
-7.69
 21
0.125
 31
0.0
100
AcDbText
 73
     2
  0
TEXT
  5
148
330
133
100
AcDbEntity
  8
Titleblock
100
AcDbText
 10
-7.69
 20
0.325
 30
0.0
 40
0.1
  1
CHECKED
  7
FusionTitle
 11
-7.69
 21
0.375
 31
0.0
100
AcDbText
 73
     2
  0
TEXT
  5
149
330
133
100
AcDbEntity
  8
Titleblock
100
AcDbText
 10
-7.69
 20
0.575
 30
0.0
 40
0.1
  1
APPROVED
  7
FusionTitle
 11
-7.69
 21
0.625
 31
0.0
100
AcDbText
 73
     2
  0
TEXT
  5
14A
330
133
100
AcDbEntity
  8
Titleblock
100
AcDbText
 10
-5.060956
 20
0.075
 30
0.0
 40
0.1
  1
SCALE
  7
FusionTitle
 11
-5.060956
 21
0.125
 31
0.0
100
AcDbText
 73
     2
  0
TEXT
  5
14B
330
133
100
AcDbEntity
  8
Titleblock
100
AcDbText
 10
-3.7
 20
0.075
 30
0.0
 40
0.1
  1
WEIGHT
  7
FusionTitle
 11
-3.7
 21
0.125
 31
0.0
100
AcDbText
 73
     2
  0
TEXT
  5
14C
330
133
100
AcDbEntity
  8
Titleblock
100
AcDbText
 10
-1.7
 20
0.075
 30
0.0
 40
0.1
  1
SHEET
  7
FusionTitle
 11
-1.7
 21
0.125
 31
0.0
100
AcDbText
 73
     2
  0
TEXT
  5
14D
330
133
100
AcDbEntity
  8
Titleblock
100
AcDbText
 10
-3.45
 20
0.6
 30
0.0
 40
0.1
  1
DWG NO
  7
FusionTitle
 11
-3.45
 21
0.7
 31
0.0
100
AcDbText
 73
     3
  0
TEXT
  5
14E
330
133
100
AcDbEntity
  8
Titleblock
100
AcDbText
 10
-0.393622
 20
0.6
 30
0.0
 40
0.1
  1
REV
  7
FusionTitle
 72
     1
 11
-0.25
 21
0.7
 31
0.0
100
AcDbText
 73
     3
  0
TEXT
  5
14F
330
133
100
AcDbEntity
  8
Titleblock
100
AcDbText
 10
-4.326808
 20
0.6
 30
0.0
 40
0.1
  1
CODE
  7
FusionTitle
 72
     1
 11
-4.125
 21
0.7
 31
0.0
100
AcDbText
 73
     3
  0
TEXT
  5
150
330
133
100
AcDbEntity
  8
Titleblock
100
AcDbText
 10
-5.090252
 20
0.6
 30
0.0
 40
0.1
  1
SIZE
  7
FusionTitle
 72
     1
 11
-4.935
 21
0.7
 31
0.0
100
AcDbText
 73
     3
  0
ATTDEF
  5
151
102
{ACAD_XDICTIONARY
360
152
102
}
330
133
100
AcDbEntity
  8
Titleblock
100
AcDbText
 10
-1.15
 20
0.065
 30
0.0
 40
0.12
  1

  7
FusionTitle
 11
-1.15
 21
0.125
 31
0.0
100
AcDbAttributeDefinition
280
     0
  3
Sheet
  2
SHEET
 70
     0
 74
     2
280
     1
  0
ATTDEF
  5
153
102
{ACAD_XDICTIONARY
360
154
102
}
330
133
100
AcDbEntity
  8
Titleblock
100
AcDbText
 10
-3.1
 20
0.065
 30
0.0
 40
0.12
  1

  7
FusionTitle
 11
-3.1
 21
0.125
 31
0.0
100
AcDbAttributeDefinition
280
     0
  3
Weight
  2
WEIGHT
 70
     0
 74
     2
280
     1
  0
ATTDEF
  5
155
102
{ACAD_XDICTIONARY
360
156
102
}
330
133
100
AcDbEntity
  8
Titleblock
100
AcDbText
 10
-4.52
 20
0.065
 30
0.0
 40
0.12
  1

  7
FusionTitle
 11
-4.52
 21
0.125
 31
0.0
100
AcDbAttributeDefinition
280
     0
  3
Scale
  2
SCALE
 70
     0
 74
     2
280
     1
  0
ATTDEF
  5
157
102
{ACAD_XDICTIONARY
360
158
102
}
330
133
100
AcDbEntity
  8
Titleblock
100
AcDbText
 10
-6.147967
 20
0.075
 30
0.0
 40
0.1
  1

  7
FusionTitle
 72
     2
 11
-5.17
 21
0.125
 31
0.0
100
AcDbAttributeDefinition
280
     0
  3
Drawn date
  2
DRAWN_DATE
 70
     0
 74
     2
280
     1
  0
ATTDEF
  5
159
102
{ACAD_XDICTIONARY
360
15A
102
}
330
133
100
AcDbEntity
  8
Titleblock
100
AcDbText
 10
-6.851207
 20
0.075
 30
0.0
 40
0.1
  1

  7
FusionTitle
 11
-6.851207
 21
0.125
 31
0.0
100
AcDbAttributeDefinition
280
     0
  3
Drawn by
  2
DRAWN_BY
 70
     0
 74
     2
280
     1
  0
ATTDEF
  5
15B
102
{ACAD_XDICTIONARY
360
15C
102
}
330
133
100
AcDbEntity
  8
Titleblock
100
AcDbText
 10
-3.45
 20
0.335525
 30
0.0
 40
0.12
  1

  7
FusionTitle
 11
-3.45
 21
0.3
 31
0.0
100
AcDbAttributeDefinition
280
     0
  3
Drawing No
  2
DWG_NO
 70
     0
 74
     1
280
     1
  0
ATTDEF
  5
15D
102
{ACAD_XDICTIONARY
360
15E
102
}
330
133
100
AcDbEntity
  8
Titleblock
100
AcDbText
 10
-6.303356
 20
0.325
 30
0.0
 40
0.1
  1

  7
FusionTitle
 72
     2
 11
-5.17
 21
0.375
 31
0.0
100
AcDbAttributeDefinition
280
     0
  3
Checked date
  2
CHECKED_DATE
 70
     0
 74
     2
280
     1
  0
ATTDEF
  5
15F
102
{ACAD_XDICTIONARY
360
160
102
}
330
133
100
AcDbEntity
  8
Titleblock
100
AcDbText
 10
-6.851207
 20
0.325
 30
0.0
 40
0.1
  1

  7
FusionTitle
 11
-6.851207
 21
0.375
 31
0.0
100
AcDbAttributeDefinition
280
     0
  3
Checked by
  2
CHECKED_BY
 70
     0
 74
     2
280
     1
  0
ATTDEF
  5
161
102
{ACAD_XDICTIONARY
360
162
102
}
330
133
100
AcDbEntity
  8
Titleblock
100
AcDbText
 10
-5.121303
 20
0.335525
 30
0.0
 40
0.12
  1

  7
FusionTitle
 72
     1
 11
-4.935
 21
0.3
 31
0.0
100
AcDbAttributeDefinition
280
     0
  3
Sheet size
  2
SIZE
 70
     0
 74
     1
280
     1
  0
ATTDEF
  5
163
102
{ACAD_XDICTIONARY
360
164
102
}
330
133
100
AcDbEntity
  8
Titleblock
100
AcDbText
 10
-0.422347
 20
0.335525
 30
0.0
 40
0.12
  1

  7
FusionTitle
 72
     1
 11
-0.25
 21
0.3
 31
0.0
100
AcDbAttributeDefinition
280
     0
  3
Revision
  2
REV
 70
     0
 74
     1
280
     1
  0
ATTDEF
  5
165
102
{ACAD_XDICTIONARY
360
166
102
}
330
133
100
AcDbEntity
  8
Titleblock
100
AcDbText
 10
-4.367169
 20
0.335525
 30
0.0
 40
0.12
  1

  7
FusionTitle
 72
     1
 11
-4.125
 21
0.3
 31
0.0
100
AcDbAttributeDefinition
280
     0
  3
Code
  2
CODE
 70
     0
 74
     1
280
     1
  0
ATTDEF
  5
167
102
{ACAD_XDICTIONARY
360
168
102
}
330
133
100
AcDbEntity
  8
Titleblock
100
AcDbText
 10
-6.396603
 20
0.575
 30
0.0
 40
0.1
  1

  7
FusionTitle
 72
     2
 11
-5.17
 21
0.625
 31
0.0
100
AcDbAttributeDefinition
280
     0
  3
Approved date
  2
APPROVED_DATE
 70
     0
 74
     2
280
     1
  0
ATTDEF
  5
169
102
{ACAD_XDICTIONARY
360
16A
102
}
330
133
100
AcDbEntity
  8
Titleblock
100
AcDbText
 10
-6.851207
 20
0.575
 30
0.0
 40
0.1
  1

  7
FusionTitle
 11
-6.851207
 21
0.625
 31
0.0
100
AcDbAttributeDefinition
280
     0
  3
Approved by
  2
APPROVED_BY
 70
     0
 74
     2
280
     1
  0
ATTDEF
  5
16B
102
{ACAD_XDICTIONARY
360
16C
102
}
330
133
100
AcDbEntity
  8
Titleblock
100
AcDbText
 10
-5.07
 20
1.98
 30
0.0
 40
0.24
  1

  7
FusionTitle
 11
-5.07
 21
2.22
 31
0.0
100
AcDbAttributeDefinition
280
     0
  3
Project
  2
PROJECT_FOLDER
 70
     0
 74
     3
280
     1
  0
ATTDEF
  5
16D
102
{ACAD_XDICTIONARY
360
16E
102
}
330
133
100
AcDbEntity
  8
Titleblock
100
AcDbText
 10
-5.07
 20
0.83
 30
0.0
 40
0.12
  1

  7
FusionTitle
 11
-5.07
 21
0.95
 31
0.0
100
AcDbAttributeDefinition
280
     0
  3
3rd Title
  2
TITLE_3
 70
     0
 74
     3
280
     1
  0
ATTDEF
  5
16F
102
{ACAD_XDICTIONARY
360
170
102
}
330
133
100
AcDbEntity
  8
Titleblock
100
AcDbText
 10
-5.07
 20
1.05
 30
0.0
 40
0.24
  1

  7
FusionTitle
 11
-5.07
 21
1.29
 31
0.0
100
AcDbAttributeDefinition
280
     0
  3
2nd Title
  2
TITLE_2
 70
     0
 74
     3
280
     1
  0
ATTDEF
  5
171
102
{ACAD_XDICTIONARY
360
172
102
}
330
133
100
AcDbEntity
  8
Titleblock
100
AcDbText
 10
-5.07
 20
1.39
 30
0.0
 40
0.24
  1

  7
FusionTitle
 11
-5.07
 21
1.63
 31
0.0
100
AcDbAttributeDefinition
280
     0
  3
1st Title
  2
TITLE_1
 70
     0
 74
     3
280
     1
  0
ENDBLK
  5
173
330
133
100
AcDbEntity
  8
0
100
AcDbBlockEnd
  0
BLOCK
  5
189
330
188
100
AcDbEntity
  8
0
100
AcDbBlockBegin
  2
*U4
 70
     1
 10
0.0
 20
0.0
 30
0.0
  3
*U4
  1

  0
LINE
  5
18A
330
188
100
AcDbEntity
  8
Smart Centers
  6
Continuous
 62
     0
440
 16777216
 48
0.75
100
AcDbLine
 10
-0.035156
 20
0.0
 30
0.0
 11
0.035156
 21
0.0
 31
0.0
  0
LINE
  5
18B
330
188
100
AcDbEntity
  8
Smart Centers
  6
Continuous
 62
     0
440
 16777216
 48
0.75
100
AcDbLine
 10
0.0
 20
-0.035156
 30
0.0
 11
0.0
 21
0.035156
 31
0.0
  0
LINE
  5
18C
330
188
100
AcDbEntity
  8
Smart Centers
 62
     0
440
 16777216
 48
0.75
100
AcDbLine
 10
-0.188898
 20
0.0
 30
0.0
 11
-0.105469
 21
0.0
 31
0.0
  0
LINE
  5
18D
330
188
100
AcDbEntity
  8
Smart Centers
 62
     0
440
 16777216
 48
0.75
100
AcDbLine
 10
0.105469
 20
0.0
 30
0.0
 11
0.188898
 21
0.0
 31
0.0
  0
LINE
  5
18E
330
188
100
AcDbEntity
  8
Smart Centers
 62
     0
440
 16777216
 48
0.75
100
AcDbLine
 10
0.0
 20
-0.188898
 30
0.0
 11
0.0
 21
-0.105469
 31
0.0
  0
LINE
  5
18F
330
188
100
AcDbEntity
  8
Smart Centers
 62
     0
440
 16777216
 48
0.75
100
AcDbLine
 10
0.0
 20
0.105469
 30
0.0
 11
0.0
 21
0.188898
 31
0.0
  0
ENDBLK
  5
190
330
188
100
AcDbEntity
  8
0
100
AcDbBlockEnd
  0
BLOCK
  5
193
330
192
100
AcDbEntity
  8
0
100
AcDbBlockBegin
  2
*U5
 70
     1
 10
0.0
 20
0.0
 30
0.0
  3
*U5
  1

  0
LINE
  5
194
330
192
100
AcDbEntity
  8
Smart Centers
  6
Continuous
 62
     0
440
 16777216
 48
0.75
100
AcDbLine
 10
-0.035156
 20
0.0
 30
0.0
 11
0.035156
 21
0.0
 31
0.0
  0
LINE
  5
195
330
192
100
AcDbEntity
  8
Smart Centers
  6
Continuous
 62
     0
440
 16777216
 48
0.75
100
AcDbLine
 10
0.0
 20
-0.035156
 30
0.0
 11
0.0
 21
0.035156
 31
0.0
  0
LINE
  5
196
330
192
100
AcDbEntity
  8
Smart Centers
 62
     0
440
 16777216
 48
0.75
100
AcDbLine
 10
-0.188898
 20
0.0
 30
0.0
 11
-0.105469
 21
0.0
 31
0.0
  0
LINE
  5
197
330
192
100
AcDbEntity
  8
Smart Centers
 62
     0
440
 16777216
 48
0.75
100
AcDbLine
 10
0.105469
 20
0.0
 30
0.0
 11
0.188898
 21
0.0
 31
0.0
  0
LINE
  5
198
330
192
100
AcDbEntity
  8
Smart Centers
 62
     0
440
 16777216
 48
0.75
100
AcDbLine
 10
0.0
 20
-0.188898
 30
0.0
 11
0.0
 21
-0.105469
 31
0.0
  0
LINE
  5
199
330
192
100
AcDbEntity
  8
Smart Centers
 62
     0
440
 16777216
 48
0.75
100
AcDbLine
 10
0.0
 20
0.105469
 30
0.0
 11
0.0
 21
0.188898
 31
0.0
  0
ENDBLK
  5
19A
330
192
100
AcDbEntity
  8
0
100
AcDbBlockEnd
  0
BLOCK
  5
19D
330
19C
100
AcDbEntity
  8
0
100
AcDbBlockBegin
  2
*U6
 70
     1
 10
0.0
 20
0.0
 30
0.0
  3
*U6
  1

  0
LINE
  5
19E
330
19C
100
AcDbEntity
  8
Smart Centers
  6
Continuous
 62
     0
440
 16777216
 48
0.75
100
AcDbLine
 10
-0.035156
 20
0.0
 30
0.0
 11
0.035156
 21
0.0
 31
0.0
  0
LINE
  5
19F
330
19C
100
AcDbEntity
  8
Smart Centers
  6
Continuous
 62
     0
440
 16777216
 48
0.75
100
AcDbLine
 10
0.0
 20
-0.035156
 30
0.0
 11
0.0
 21
0.035156
 31
0.0
  0
LINE
  5
1A0
330
19C
100
AcDbEntity
  8
Smart Centers
 62
     0
440
 16777216
 48
0.75
100
AcDbLine
 10
-0.188898
 20
0.0
 30
0.0
 11
-0.105469
 21
0.0
 31
0.0
  0
LINE
  5
1A1
330
19C
100
AcDbEntity
  8
Smart Centers
 62
     0
440
 16777216
 48
0.75
100
AcDbLine
 10
0.105469
 20
0.0
 30
0.0
 11
0.188898
 21
0.0
 31
0.0
  0
LINE
  5
1A2
330
19C
100
AcDbEntity
  8
Smart Centers
 62
     0
440
 16777216
 48
0.75
100
AcDbLine
 10
0.0
 20
-0.188898
 30
0.0
 11
0.0
 21
-0.105469
 31
0.0
  0
LINE
  5
1A3
330
19C
100
AcDbEntity
  8
Smart Centers
 62
     0
440
 16777216
 48
0.75
100
AcDbLine
 10
0.0
 20
0.105469
 30
0.0
 11
0.0
 21
0.188898
 31
0.0
  0
ENDBLK
  5
1A4
330
19C
100
AcDbEntity
  8
0
100
AcDbBlockEnd
  0
BLOCK
  5
1A7
330
1A6
100
AcDbEntity
  8
0
100
AcDbBlockBegin
  2
*U7
 70
     1
 10
0.0
 20
0.0
 30
0.0
  3
*U7
  1

  0
LINE
  5
1A8
330
1A6
100
AcDbEntity
  8
Smart Centers
  6
Continuous
 62
     0
440
 16777216
 48
0.75
100
AcDbLine
 10
-0.035156
 20
0.0
 30
0.0
 11
0.035156
 21
0.0
 31
0.0
  0
LINE
  5
1A9
330
1A6
100
AcDbEntity
  8
Smart Centers
  6
Continuous
 62
     0
440
 16777216
 48
0.75
100
AcDbLine
 10
0.0
 20
-0.035156
 30
0.0
 11
0.0
 21
0.035156
 31
0.0
  0
LINE
  5
1AA
330
1A6
100
AcDbEntity
  8
Smart Centers
 62
     0
440
 16777216
 48
0.75
100
AcDbLine
 10
-0.188898
 20
0.0
 30
0.0
 11
-0.105469
 21
0.0
 31
0.0
  0
LINE
  5
1AB
330
1A6
100
AcDbEntity
  8
Smart Centers
 62
     0
440
 16777216
 48
0.75
100
AcDbLine
 10
0.105469
 20
0.0
 30
0.0
 11
0.188898
 21
0.0
 31
0.0
  0
LINE
  5
1AC
330
1A6
100
AcDbEntity
  8
Smart Centers
 62
     0
440
 16777216
 48
0.75
100
AcDbLine
 10
0.0
 20
-0.188898
 30
0.0
 11
0.0
 21
-0.105469
 31
0.0
  0
LINE
  5
1AD
330
1A6
100
AcDbEntity
  8
Smart Centers
 62
     0
440
 16777216
 48
0.75
100
AcDbLine
 10
0.0
 20
0.105469
 30
0.0
 11
0.0
 21
0.188898
 31
0.0
  0
ENDBLK
  5
1AE
330
1A6
100
AcDbEntity
  8
0
100
AcDbBlockEnd
  0
BLOCK
  5
1B1
330
1B0
100
AcDbEntity
  8
0
100
AcDbBlockBegin
  2
*U8
 70
     1
 10
0.0
 20
0.0
 30
0.0
  3
*U8
  1

  0
LINE
  5
1B2
330
1B0
100
AcDbEntity
  8
Smart Centers
  6
Continuous
 62
     0
440
 16777216
 48
0.75
100
AcDbLine
 10
-0.035156
 20
0.0
 30
0.0
 11
0.035156
 21
0.0
 31
0.0
  0
LINE
  5
1B3
330
1B0
100
AcDbEntity
  8
Smart Centers
  6
Continuous
 62
     0
440
 16777216
 48
0.75
100
AcDbLine
 10
0.0
 20
-0.035156
 30
0.0
 11
0.0
 21
0.035156
 31
0.0
  0
LINE
  5
1B4
330
1B0
100
AcDbEntity
  8
Smart Centers
 62
     0
440
 16777216
 48
0.75
100
AcDbLine
 10
-0.188898
 20
0.0
 30
0.0
 11
-0.105469
 21
0.0
 31
0.0
  0
LINE
  5
1B5
330
1B0
100
AcDbEntity
  8
Smart Centers
 62
     0
440
 16777216
 48
0.75
100
AcDbLine
 10
0.105469
 20
0.0
 30
0.0
 11
0.188898
 21
0.0
 31
0.0
  0
LINE
  5
1B6
330
1B0
100
AcDbEntity
  8
Smart Centers
 62
     0
440
 16777216
 48
0.75
100
AcDbLine
 10
0.0
 20
-0.188898
 30
0.0
 11
0.0
 21
-0.105469
 31
0.0
  0
LINE
  5
1B7
330
1B0
100
AcDbEntity
  8
Smart Centers
 62
     0
440
 16777216
 48
0.75
100
AcDbLine
 10
0.0
 20
0.105469
 30
0.0
 11
0.0
 21
0.188898
 31
0.0
  0
ENDBLK
  5
1B8
330
1B0
100
AcDbEntity
  8
0
100
AcDbBlockEnd
  0
BLOCK
  5
1BB
330
1BA
100
AcDbEntity
  8
0
100
AcDbBlockBegin
  2
*U9
 70
     1
 10
0.0
 20
0.0
 30
0.0
  3
*U9
  1

  0
LINE
  5
1BC
330
1BA
100
AcDbEntity
  8
Smart Centers
  6
Continuous
 62
     0
440
 16777216
 48
0.75
100
AcDbLine
 10
-0.035156
 20
0.0
 30
0.0
 11
0.035156
 21
0.0
 31
0.0
  0
LINE
  5
1BD
330
1BA
100
AcDbEntity
  8
Smart Centers
  6
Continuous
 62
     0
440
 16777216
 48
0.75
100
AcDbLine
 10
0.0
 20
-0.035156
 30
0.0
 11
0.0
 21
0.035156
 31
0.0
  0
LINE
  5
1BE
330
1BA
100
AcDbEntity
  8
Smart Centers
 62
     0
440
 16777216
 48
0.75
100
AcDbLine
 10
-0.188898
 20
0.0
 30
0.0
 11
-0.105469
 21
0.0
 31
0.0
  0
LINE
  5
1BF
330
1BA
100
AcDbEntity
  8
Smart Centers
 62
     0
440
 16777216
 48
0.75
100
AcDbLine
 10
0.105469
 20
0.0
 30
0.0
 11
0.188898
 21
0.0
 31
0.0
  0
LINE
  5
1C0
330
1BA
100
AcDbEntity
  8
Smart Centers
 62
     0
440
 16777216
 48
0.75
100
AcDbLine
 10
0.0
 20
-0.188898
 30
0.0
 11
0.0
 21
-0.105469
 31
0.0
  0
LINE
  5
1C1
330
1BA
100
AcDbEntity
  8
Smart Centers
 62
     0
440
 16777216
 48
0.75
100
AcDbLine
 10
0.0
 20
0.105469
 30
0.0
 11
0.0
 21
0.188898
 31
0.0
  0
ENDBLK
  5
1C2
330
1BA
100
AcDbEntity
  8
0
100
AcDbBlockEnd
  0
BLOCK
  5
1C5
330
1C4
100
AcDbEntity
  8
0
100
AcDbBlockBegin
  2
*U10
 70
     1
 10
0.0
 20
0.0
 30
0.0
  3
*U10
  1

  0
LINE
  5
1C6
330
1C4
100
AcDbEntity
  8
Smart Centers
  6
Continuous
 62
     0
440
 16777216
 48
0.75
100
AcDbLine
 10
-0.035156
 20
0.0
 30
0.0
 11
0.035156
 21
0.0
 31
0.0
  0
LINE
  5
1C7
330
1C4
100
AcDbEntity
  8
Smart Centers
  6
Continuous
 62
     0
440
 16777216
 48
0.75
100
AcDbLine
 10
0.0
 20
-0.035156
 30
0.0
 11
0.0
 21
0.035156
 31
0.0
  0
LINE
  5
1C8
330
1C4
100
AcDbEntity
  8
Smart Centers
 62
     0
440
 16777216
 48
0.75
100
AcDbLine
 10
-0.188898
 20
0.0
 30
0.0
 11
-0.105469
 21
0.0
 31
0.0
  0
LINE
  5
1C9
330
1C4
100
AcDbEntity
  8
Smart Centers
 62
     0
440
 16777216
 48
0.75
100
AcDbLine
 10
0.105469
 20
0.0
 30
0.0
 11
0.188898
 21
0.0
 31
0.0
  0
LINE
  5
1CA
330
1C4
100
AcDbEntity
  8
Smart Centers
 62
     0
440
 16777216
 48
0.75
100
AcDbLine
 10
0.0
 20
-0.188898
 30
0.0
 11
0.0
 21
-0.105469
 31
0.0
  0
LINE
  5
1CB
330
1C4
100
AcDbEntity
  8
Smart Centers
 62
     0
440
 16777216
 48
0.75
100
AcDbLine
 10
0.0
 20
0.105469
 30
0.0
 11
0.0
 21
0.188898
 31
0.0
  0
ENDBLK
  5
1CC
330
1C4
100
AcDbEntity
  8
0
100
AcDbBlockEnd
  0
BLOCK
  5
1CF
330
1CE
100
AcDbEntity
  8
0
100
AcDbBlockBegin
  2
*U11
 70
     1
 10
0.0
 20
0.0
 30
0.0
  3
*U11
  1

  0
LINE
  5
1D0
330
1CE
100
AcDbEntity
  8
Smart Centers
  6
Continuous
 62
     0
440
 16777216
 48
0.75
100
AcDbLine
 10
-0.035156
 20
0.0
 30
0.0
 11
0.035156
 21
0.0
 31
0.0
  0
LINE
  5
1D1
330
1CE
100
AcDbEntity
  8
Smart Centers
  6
Continuous
 62
     0
440
 16777216
 48
0.75
100
AcDbLine
 10
0.0
 20
-0.035156
 30
0.0
 11
0.0
 21
0.035156
 31
0.0
  0
LINE
  5
1D2
330
1CE
100
AcDbEntity
  8
Smart Centers
 62
     0
440
 16777216
 48
0.75
100
AcDbLine
 10
-0.188898
 20
0.0
 30
0.0
 11
-0.105469
 21
0.0
 31
0.0
  0
LINE
  5
1D3
330
1CE
100
AcDbEntity
  8
Smart Centers
 62
     0
440
 16777216
 48
0.75
100
AcDbLine
 10
0.105469
 20
0.0
 30
0.0
 11
0.188898
 21
0.0
 31
0.0
  0
LINE
  5
1D4
330
1CE
100
AcDbEntity
  8
Smart Centers
 62
     0
440
 16777216
 48
0.75
100
AcDbLine
 10
0.0
 20
-0.188898
 30
0.0
 11
0.0
 21
-0.105469
 31
0.0
  0
LINE
  5
1D5
330
1CE
100
AcDbEntity
  8
Smart Centers
 62
     0
440
 16777216
 48
0.75
100
AcDbLine
 10
0.0
 20
0.105469
 30
0.0
 11
0.0
 21
0.188898
 31
0.0
  0
ENDBLK
  5
1D6
330
1CE
100
AcDbEntity
  8
0
100
AcDbBlockEnd
  0
BLOCK
  5
1D9
330
1D8
100
AcDbEntity
  8
0
100
AcDbBlockBegin
  2
*U12
 70
     1
 10
0.0
 20
0.0
 30
0.0
  3
*U12
  1

  0
LINE
  5
1DA
330
1D8
100
AcDbEntity
  8
Smart Centers
  6
Continuous
 62
     0
440
 16777216
 48
0.75
100
AcDbLine
 10
-0.035156
 20
0.0
 30
0.0
 11
0.035156
 21
0.0
 31
0.0
  0
LINE
  5
1DB
330
1D8
100
AcDbEntity
  8
Smart Centers
  6
Continuous
 62
     0
440
 16777216
 48
0.75
100
AcDbLine
 10
0.0
 20
-0.035156
 30
0.0
 11
0.0
 21
0.035156
 31
0.0
  0
LINE
  5
1DC
330
1D8
100
AcDbEntity
  8
Smart Centers
 62
     0
440
 16777216
 48
0.75
100
AcDbLine
 10
-0.671181
 20
0.0
 30
0.0
 11
-0.105469
 21
0.0
 31
0.0
  0
LINE
  5
1DD
330
1D8
100
AcDbEntity
  8
Smart Centers
 62
     0
440
 16777216
 48
0.75
100
AcDbLine
 10
0.105469
 20
0.0
 30
0.0
 11
0.671181
 21
0.0
 31
0.0
  0
LINE
  5
1DE
330
1D8
100
AcDbEntity
  8
Smart Centers
 62
     0
440
 16777216
 48
0.75
100
AcDbLine
 10
0.0
 20
-0.671181
 30
0.0
 11
0.0
 21
-0.105469
 31
0.0
  0
LINE
  5
1DF
330
1D8
100
AcDbEntity
  8
Smart Centers
 62
     0
440
 16777216
 48
0.75
100
AcDbLine
 10
0.0
 20
0.105469
 30
0.0
 11
0.0
 21
0.671181
 31
0.0
  0
ENDBLK
  5
1E0
330
1D8
100
AcDbEntity
  8
0
100
AcDbBlockEnd
  0
BLOCK
  5
1E3
330
1E2
100
AcDbEntity
  8
0
100
AcDbBlockBegin
  2
*U13
 70
     1
 10
0.0
 20
0.0
 30
0.0
  3
*U13
  1

  0
LINE
  5
1E4
330
1E2
100
AcDbEntity
  8
Smart Centers
  6
Continuous
 62
     0
440
 16777216
 48
0.75
100
AcDbLine
 10
-0.035156
 20
0.0
 30
0.0
 11
0.035156
 21
0.0
 31
0.0
  0
LINE
  5
1E5
330
1E2
100
AcDbEntity
  8
Smart Centers
  6
Continuous
 62
     0
440
 16777216
 48
0.75
100
AcDbLine
 10
0.0
 20
-0.035156
 30
0.0
 11
0.0
 21
0.035156
 31
0.0
  0
LINE
  5
1E6
330
1E2
100
AcDbEntity
  8
Smart Centers
 62
     0
440
 16777216
 48
0.75
100
AcDbLine
 10
-0.671181
 20
0.0
 30
0.0
 11
-0.105469
 21
0.0
 31
0.0
  0
LINE
  5
1E7
330
1E2
100
AcDbEntity
  8
Smart Centers
 62
     0
440
 16777216
 48
0.75
100
AcDbLine
 10
0.105469
 20
0.0
 30
0.0
 11
0.671181
 21
0.0
 31
0.0
  0
LINE
  5
1E8
330
1E2
100
AcDbEntity
  8
Smart Centers
 62
     0
440
 16777216
 48
0.75
100
AcDbLine
 10
0.0
 20
-0.671181
 30
0.0
 11
0.0
 21
-0.105469
 31
0.0
  0
LINE
  5
1E9
330
1E2
100
AcDbEntity
  8
Smart Centers
 62
     0
440
 16777216
 48
0.75
100
AcDbLine
 10
0.0
 20
0.105469
 30
0.0
 11
0.0
 21
0.671181
 31
0.0
  0
ENDBLK
  5
1EA
330
1E2
100
AcDbEntity
  8
0
100
AcDbBlockEnd
  0
BLOCK
  5
1ED
330
1EC
100
AcDbEntity
  8
0
100
AcDbBlockBegin
  2
*U14
 70
     1
 10
0.0
 20
0.0
 30
0.0
  3
*U14
  1

  0
LINE
  5
1EE
330
1EC
100
AcDbEntity
  8
Smart Centers
  6
Continuous
 62
     0
440
 16777216
 48
0.75
100
AcDbLine
 10
-0.035156
 20
0.0
 30
0.0
 11
0.035156
 21
0.0
 31
0.0
  0
LINE
  5
1EF
330
1EC
100
AcDbEntity
  8
Smart Centers
  6
Continuous
 62
     0
440
 16777216
 48
0.75
100
AcDbLine
 10
0.0
 20
-0.035156
 30
0.0
 11
0.0
 21
0.035156
 31
0.0
  0
LINE
  5
1F0
330
1EC
100
AcDbEntity
  8
Smart Centers
 62
     0
440
 16777216
 48
0.75
100
AcDbLine
 10
-0.671181
 20
0.0
 30
0.0
 11
-0.105469
 21
0.0
 31
0.0
  0
LINE
  5
1F1
330
1EC
100
AcDbEntity
  8
Smart Centers
 62
     0
440
 16777216
 48
0.75
100
AcDbLine
 10
0.105469
 20
0.0
 30
0.0
 11
0.671181
 21
0.0
 31
0.0
  0
LINE
  5
1F2
330
1EC
100
AcDbEntity
  8
Smart Centers
 62
     0
440
 16777216
 48
0.75
100
AcDbLine
 10
0.0
 20
-0.671181
 30
0.0
 11
0.0
 21
-0.105469
 31
0.0
  0
LINE
  5
1F3
330
1EC
100
AcDbEntity
  8
Smart Centers
 62
     0
440
 16777216
 48
0.75
100
AcDbLine
 10
0.0
 20
0.105469
 30
0.0
 11
0.0
 21
0.671181
 31
0.0
  0
ENDBLK
  5
1F4
330
1EC
100
AcDbEntity
  8
0
100
AcDbBlockEnd
  0
BLOCK
  5
1F7
330
1F6
100
AcDbEntity
  8
0
100
AcDbBlockBegin
  2
*U15
 70
     1
 10
0.0
 20
0.0
 30
0.0
  3
*U15
  1

  0
LINE
  5
1F8
330
1F6
100
AcDbEntity
  8
Smart Centers
  6
Continuous
 62
     0
440
 16777216
 48
0.75
100
AcDbLine
 10
-0.035156
 20
0.0
 30
0.0
 11
0.035156
 21
0.0
 31
0.0
  0
LINE
  5
1F9
330
1F6
100
AcDbEntity
  8
Smart Centers
  6
Continuous
 62
     0
440
 16777216
 48
0.75
100
AcDbLine
 10
0.0
 20
-0.035156
 30
0.0
 11
0.0
 21
0.035156
 31
0.0
  0
LINE
  5
1FA
330
1F6
100
AcDbEntity
  8
Smart Centers
 62
     0
440
 16777216
 48
0.75
100
AcDbLine
 10
-1.12
 20
0.0
 30
0.0
 11
-0.105469
 21
0.0
 31
0.0
  0
LINE
  5
1FB
330
1F6
100
AcDbEntity
  8
Smart Centers
 62
     0
440
 16777216
 48
0.75
100
AcDbLine
 10
0.105469
 20
0.0
 30
0.0
 11
1.12
 21
0.0
 31
0.0
  0
LINE
  5
1FC
330
1F6
100
AcDbEntity
  8
Smart Centers
 62
     0
440
 16777216
 48
0.75
100
AcDbLine
 10
0.0
 20
-1.12
 30
0.0
 11
0.0
 21
-0.105469
 31
0.0
  0
LINE
  5
1FD
330
1F6
100
AcDbEntity
  8
Smart Centers
 62
     0
440
 16777216
 48
0.75
100
AcDbLine
 10
0.0
 20
0.105469
 30
0.0
 11
0.0
 21
1.12
 31
0.0
  0
ENDBLK
  5
1FE
330
1F6
100
AcDbEntity
  8
0
100
AcDbBlockEnd
  0
BLOCK
  5
201
330
200
100
AcDbEntity
  8
0
100
AcDbBlockBegin
  2
*U16
 70
     1
 10
0.0
 20
0.0
 30
0.0
  3
*U16
  1

  0
LINE
  5
202
330
200
100
AcDbEntity
  8
Smart Centers
  6
Continuous
 62
     0
440
 16777216
 48
0.75
100
AcDbLine
 10
-0.035156
 20
0.0
 30
0.0
 11
0.035156
 21
0.0
 31
0.0
  0
LINE
  5
203
330
200
100
AcDbEntity
  8
Smart Centers
  6
Continuous
 62
     0
440
 16777216
 48
0.75
100
AcDbLine
 10
0.0
 20
-0.035156
 30
0.0
 11
0.0
 21
0.035156
 31
0.0
  0
LINE
  5
204
330
200
100
AcDbEntity
  8
Smart Centers
 62
     0
440
 16777216
 48
0.75
100
AcDbLine
 10
-0.671181
 20
0.0
 30
0.0
 11
-0.105469
 21
0.0
 31
0.0
  0
LINE
  5
205
330
200
100
AcDbEntity
  8
Smart Centers
 62
     0
440
 16777216
 48
0.75
100
AcDbLine
 10
0.105469
 20
0.0
 30
0.0
 11
0.671181
 21
0.0
 31
0.0
  0
LINE
  5
206
330
200
100
AcDbEntity
  8
Smart Centers
 62
     0
440
 16777216
 48
0.75
100
AcDbLine
 10
0.0
 20
-0.671181
 30
0.0
 11
0.0
 21
-0.105469
 31
0.0
  0
LINE
  5
207
330
200
100
AcDbEntity
  8
Smart Centers
 62
     0
440
 16777216
 48
0.75
100
AcDbLine
 10
0.0
 20
0.105469
 30
0.0
 11
0.0
 21
0.671181
 31
0.0
  0
ENDBLK
  5
208
330
200
100
AcDbEntity
  8
0
100
AcDbBlockEnd
  0
BLOCK
  5
20B
330
20A
100
AcDbEntity
  8
0
100
AcDbBlockBegin
  2
*U17
 70
     1
 10
0.0
 20
0.0
 30
0.0
  3
*U17
  1

  0
LINE
  5
20C
330
20A
100
AcDbEntity
  8
Smart Centers
  6
Continuous
 62
     0
440
 16777216
 48
0.75
100
AcDbLine
 10
-0.035156
 20
0.0
 30
0.0
 11
0.035156
 21
0.0
 31
0.0
  0
LINE
  5
20D
330
20A
100
AcDbEntity
  8
Smart Centers
  6
Continuous
 62
     0
440
 16777216
 48
0.75
100
AcDbLine
 10
0.0
 20
-0.035156
 30
0.0
 11
0.0
 21
0.035156
 31
0.0
  0
LINE
  5
20E
330
20A
100
AcDbEntity
  8
Smart Centers
 62
     0
440
 16777216
 48
0.75
100
AcDbLine
 10
-0.671181
 20
0.0
 30
0.0
 11
-0.105469
 21
0.0
 31
0.0
  0
LINE
  5
20F
330
20A
100
AcDbEntity
  8
Smart Centers
 62
     0
440
 16777216
 48
0.75
100
AcDbLine
 10
0.105469
 20
0.0
 30
0.0
 11
0.671181
 21
0.0
 31
0.0
  0
LINE
  5
210
330
20A
100
AcDbEntity
  8
Smart Centers
 62
     0
440
 16777216
 48
0.75
100
AcDbLine
 10
0.0
 20
-0.671181
 30
0.0
 11
0.0
 21
-0.105469
 31
0.0
  0
LINE
  5
211
330
20A
100
AcDbEntity
  8
Smart Centers
 62
     0
440
 16777216
 48
0.75
100
AcDbLine
 10
0.0
 20
0.105469
 30
0.0
 11
0.0
 21
0.671181
 31
0.0
  0
ENDBLK
  5
212
330
20A
100
AcDbEntity
  8
0
100
AcDbBlockEnd
  0
BLOCK
  5
215
330
214
100
AcDbEntity
  8
0
100
AcDbBlockBegin
  2
*U18
 70
     1
 10
0.0
 20
0.0
 30
0.0
  3
*U18
  1

  0
LINE
  5
216
330
214
100
AcDbEntity
  8
Smart Centers
  6
Continuous
 62
     0
440
 16777216
 48
0.75
100
AcDbLine
 10
-0.035156
 20
0.0
 30
0.0
 11
0.035156
 21
0.0
 31
0.0
  0
LINE
  5
217
330
214
100
AcDbEntity
  8
Smart Centers
  6
Continuous
 62
     0
440
 16777216
 48
0.75
100
AcDbLine
 10
0.0
 20
-0.035156
 30
0.0
 11
0.0
 21
0.035156
 31
0.0
  0
LINE
  5
218
330
214
100
AcDbEntity
  8
Smart Centers
 62
     0
440
 16777216
 48
0.75
100
AcDbLine
 10
-1.12
 20
0.0
 30
0.0
 11
-0.105469
 21
0.0
 31
0.0
  0
LINE
  5
219
330
214
100
AcDbEntity
  8
Smart Centers
 62
     0
440
 16777216
 48
0.75
100
AcDbLine
 10
0.105469
 20
0.0
 30
0.0
 11
1.12
 21
0.0
 31
0.0
  0
LINE
  5
21A
330
214
100
AcDbEntity
  8
Smart Centers
 62
     0
440
 16777216
 48
0.75
100
AcDbLine
 10
0.0
 20
-1.12
 30
0.0
 11
0.0
 21
-0.105469
 31
0.0
  0
LINE
  5
21B
330
214
100
AcDbEntity
  8
Smart Centers
 62
     0
440
 16777216
 48
0.75
100
AcDbLine
 10
0.0
 20
0.105469
 30
0.0
 11
0.0
 21
1.12
 31
0.0
  0
ENDBLK
  5
21C
330
214
100
AcDbEntity
  8
0
100
AcDbBlockEnd
  0
BLOCK
  5
21F
330
21E
100
AcDbEntity
  8
0
100
AcDbBlockBegin
  2
*U19
 70
     1
 10
0.0
 20
0.0
 30
0.0
  3
*U19
  1

  0
LINE
  5
220
330
21E
100
AcDbEntity
  8
Smart Centers
  6
Continuous
 62
     0
440
 16777216
 48
0.75
100
AcDbLine
 10
-0.035156
 20
0.0
 30
0.0
 11
0.035156
 21
0.0
 31
0.0
  0
LINE
  5
221
330
21E
100
AcDbEntity
  8
Smart Centers
  6
Continuous
 62
     0
440
 16777216
 48
0.75
100
AcDbLine
 10
0.0
 20
-0.035156
 30
0.0
 11
0.0
 21
0.035156
 31
0.0
  0
LINE
  5
222
330
21E
100
AcDbEntity
  8
Smart Centers
 62
     0
440
 16777216
 48
0.75
100
AcDbLine
 10
-0.671181
 20
0.0
 30
0.0
 11
-0.105469
 21
0.0
 31
0.0
  0
LINE
  5
223
330
21E
100
AcDbEntity
  8
Smart Centers
 62
     0
440
 16777216
 48
0.75
100
AcDbLine
 10
0.105469
 20
0.0
 30
0.0
 11
0.671181
 21
0.0
 31
0.0
  0
LINE
  5
224
330
21E
100
AcDbEntity
  8
Smart Centers
 62
     0
440
 16777216
 48
0.75
100
AcDbLine
 10
0.0
 20
-0.671181
 30
0.0
 11
0.0
 21
-0.105469
 31
0.0
  0
LINE
  5
225
330
21E
100
AcDbEntity
  8
Smart Centers
 62
     0
440
 16777216
 48
0.75
100
AcDbLine
 10
0.0
 20
0.105469
 30
0.0
 11
0.0
 21
0.671181
 31
0.0
  0
ENDBLK
  5
226
330
21E
100
AcDbEntity
  8
0
100
AcDbBlockEnd
  0
BLOCK
  5
229
330
228
100
AcDbEntity
  8
0
100
AcDbBlockBegin
  2
*U20
 70
     1
 10
0.0
 20
0.0
 30
0.0
  3
*U20
  1

  0
LINE
  5
22A
330
228
100
AcDbEntity
  8
Smart Centers
  6
Continuous
 62
     0
440
 16777216
 48
0.75
100
AcDbLine
 10
-0.035156
 20
0.0
 30
0.0
 11
0.035156
 21
0.0
 31
0.0
  0
LINE
  5
22B
330
228
100
AcDbEntity
  8
Smart Centers
  6
Continuous
 62
     0
440
 16777216
 48
0.75
100
AcDbLine
 10
0.0
 20
-0.035156
 30
0.0
 11
0.0
 21
0.035156
 31
0.0
  0
LINE
  5
22C
330
228
100
AcDbEntity
  8
Smart Centers
 62
     0
440
 16777216
 48
0.75
100
AcDbLine
 10
-0.671181
 20
0.0
 30
0.0
 11
-0.105469
 21
0.0
 31
0.0
  0
LINE
  5
22D
330
228
100
AcDbEntity
  8
Smart Centers
 62
     0
440
 16777216
 48
0.75
100
AcDbLine
 10
0.105469
 20
0.0
 30
0.0
 11
0.671181
 21
0.0
 31
0.0
  0
LINE
  5
22E
330
228
100
AcDbEntity
  8
Smart Centers
 62
     0
440
 16777216
 48
0.75
100
AcDbLine
 10
0.0
 20
-0.671181
 30
0.0
 11
0.0
 21
-0.105469
 31
0.0
  0
LINE
  5
22F
330
228
100
AcDbEntity
  8
Smart Centers
 62
     0
440
 16777216
 48
0.75
100
AcDbLine
 10
0.0
 20
0.105469
 30
0.0
 11
0.0
 21
0.671181
 31
0.0
  0
ENDBLK
  5
230
330
228
100
AcDbEntity
  8
0
100
AcDbBlockEnd
  0
BLOCK
  5
233
330
232
100
AcDbEntity
  8
0
100
AcDbBlockBegin
  2
*U21
 70
     1
 10
0.0
 20
0.0
 30
0.0
  3
*U21
  1

  0
LINE
  5
234
330
232
100
AcDbEntity
  8
Smart Centers
  6
Continuous
 62
     0
440
 16777216
 48
0.75
100
AcDbLine
 10
-0.035156
 20
0.0
 30
0.0
 11
0.035156
 21
0.0
 31
0.0
  0
LINE
  5
235
330
232
100
AcDbEntity
  8
Smart Centers
  6
Continuous
 62
     0
440
 16777216
 48
0.75
100
AcDbLine
 10
0.0
 20
-0.035156
 30
0.0
 11
0.0
 21
0.035156
 31
0.0
  0
LINE
  5
236
330
232
100
AcDbEntity
  8
Smart Centers
 62
     0
440
 16777216
 48
0.75
100
AcDbLine
 10
-0.671181
 20
0.0
 30
0.0
 11
-0.105469
 21
0.0
 31
0.0
  0
LINE
  5
237
330
232
100
AcDbEntity
  8
Smart Centers
 62
     0
440
 16777216
 48
0.75
100
AcDbLine
 10
0.105469
 20
0.0
 30
0.0
 11
0.671181
 21
0.0
 31
0.0
  0
LINE
  5
238
330
232
100
AcDbEntity
  8
Smart Centers
 62
     0
440
 16777216
 48
0.75
100
AcDbLine
 10
0.0
 20
-0.671181
 30
0.0
 11
0.0
 21
-0.105469
 31
0.0
  0
LINE
  5
239
330
232
100
AcDbEntity
  8
Smart Centers
 62
     0
440
 16777216
 48
0.75
100
AcDbLine
 10
0.0
 20
0.105469
 30
0.0
 11
0.0
 21
0.671181
 31
0.0
  0
ENDBLK
  5
23A
330
232
100
AcDbEntity
  8
0
100
AcDbBlockEnd
  0
BLOCK
  5
23D
330
23C
100
AcDbEntity
  8
0
100
AcDbBlockBegin
  2
*U22
 70
     1
 10
0.0
 20
0.0
 30
0.0
  3
*U22
  1

  0
LINE
  5
23E
330
23C
100
AcDbEntity
  8
Smart Centers
  6
Continuous
 62
     0
440
 16777216
 48
0.75
100
AcDbLine
 10
-0.035156
 20
0.0
 30
0.0
 11
0.035156
 21
0.0
 31
0.0
  0
LINE
  5
23F
330
23C
100
AcDbEntity
  8
Smart Centers
  6
Continuous
 62
     0
440
 16777216
 48
0.75
100
AcDbLine
 10
0.0
 20
-0.035156
 30
0.0
 11
0.0
 21
0.035156
 31
0.0
  0
LINE
  5
240
330
23C
100
AcDbEntity
  8
Smart Centers
 62
     0
440
 16777216
 48
0.75
100
AcDbLine
 10
-0.671181
 20
0.0
 30
0.0
 11
-0.105469
 21
0.0
 31
0.0
  0
LINE
  5
241
330
23C
100
AcDbEntity
  8
Smart Centers
 62
     0
440
 16777216
 48
0.75
100
AcDbLine
 10
0.105469
 20
0.0
 30
0.0
 11
0.671181
 21
0.0
 31
0.0
  0
LINE
  5
242
330
23C
100
AcDbEntity
  8
Smart Centers
 62
     0
440
 16777216
 48
0.75
100
AcDbLine
 10
0.0
 20
-0.671181
 30
0.0
 11
0.0
 21
-0.105469
 31
0.0
  0
LINE
  5
243
330
23C
100
AcDbEntity
  8
Smart Centers
 62
     0
440
 16777216
 48
0.75
100
AcDbLine
 10
0.0
 20
0.105469
 30
0.0
 11
0.0
 21
0.671181
 31
0.0
  0
ENDBLK
  5
244
330
23C
100
AcDbEntity
  8
0
100
AcDbBlockEnd
  0
BLOCK
  5
247
330
246
100
AcDbEntity
  8
0
100
AcDbBlockBegin
  2
*U23
 70
     1
 10
0.0
 20
0.0
 30
0.0
  3
*U23
  1

  0
LINE
  5
248
330
246
100
AcDbEntity
  8
Smart Centers
  6
Continuous
 62
     0
440
 16777216
 48
0.75
100
AcDbLine
 10
-0.035156
 20
0.0
 30
0.0
 11
0.035156
 21
0.0
 31
0.0
  0
LINE
  5
249
330
246
100
AcDbEntity
  8
Smart Centers
  6
Continuous
 62
     0
440
 16777216
 48
0.75
100
AcDbLine
 10
0.0
 20
-0.035156
 30
0.0
 11
0.0
 21
0.035156
 31
0.0
  0
LINE
  5
24A
330
246
100
AcDbEntity
  8
Smart Centers
 62
     0
440
 16777216
 48
0.75
100
AcDbLine
 10
-0.671181
 20
0.0
 30
0.0
 11
-0.105469
 21
0.0
 31
0.0
  0
LINE
  5
24B
330
246
100
AcDbEntity
  8
Smart Centers
 62
     0
440
 16777216
 48
0.75
100
AcDbLine
 10
0.105469
 20
0.0
 30
0.0
 11
0.671181
 21
0.0
 31
0.0
  0
LINE
  5
24C
330
246
100
AcDbEntity
  8
Smart Centers
 62
     0
440
 16777216
 48
0.75
100
AcDbLine
 10
0.0
 20
-0.671181
 30
0.0
 11
0.0
 21
-0.105469
 31
0.0
  0
LINE
  5
24D
330
246
100
AcDbEntity
  8
Smart Centers
 62
     0
440
 16777216
 48
0.75
100
AcDbLine
 10
0.0
 20
0.105469
 30
0.0
 11
0.0
 21
0.671181
 31
0.0
  0
ENDBLK
  5
24E
330
246
100
AcDbEntity
  8
0
100
AcDbBlockEnd
  0
BLOCK
  5
251
330
250
100
AcDbEntity
  8
0
100
AcDbBlockBegin
  2
*U24
 70
     1
 10
0.0
 20
0.0
 30
0.0
  3
*U24
  1

  0
LINE
  5
252
330
250
100
AcDbEntity
  8
Smart Centers
  6
Continuous
 62
     0
440
 16777216
 48
0.75
100
AcDbLine
 10
-0.035156
 20
0.0
 30
0.0
 11
0.035156
 21
0.0
 31
0.0
  0
LINE
  5
253
330
250
100
AcDbEntity
  8
Smart Centers
  6
Continuous
 62
     0
440
 16777216
 48
0.75
100
AcDbLine
 10
0.0
 20
-0.035156
 30
0.0
 11
0.0
 21
0.035156
 31
0.0
  0
LINE
  5
254
330
250
100
AcDbEntity
  8
Smart Centers
 62
     0
440
 16777216
 48
0.75
100
AcDbLine
 10
-0.671181
 20
0.0
 30
0.0
 11
-0.105469
 21
0.0
 31
0.0
  0
LINE
  5
255
330
250
100
AcDbEntity
  8
Smart Centers
 62
     0
440
 16777216
 48
0.75
100
AcDbLine
 10
0.105469
 20
0.0
 30
0.0
 11
0.671181
 21
0.0
 31
0.0
  0
LINE
  5
256
330
250
100
AcDbEntity
  8
Smart Centers
 62
     0
440
 16777216
 48
0.75
100
AcDbLine
 10
0.0
 20
-0.671181
 30
0.0
 11
0.0
 21
-0.105469
 31
0.0
  0
LINE
  5
257
330
250
100
AcDbEntity
  8
Smart Centers
 62
     0
440
 16777216
 48
0.75
100
AcDbLine
 10
0.0
 20
0.105469
 30
0.0
 11
0.0
 21
0.671181
 31
0.0
  0
ENDBLK
  5
258
330
250
100
AcDbEntity
  8
0
100
AcDbBlockEnd
  0
BLOCK
  5
25B
330
25A
100
AcDbEntity
  8
0
100
AcDbBlockBegin
  2
*U25
 70
     1
 10
0.0
 20
0.0
 30
0.0
  3
*U25
  1

  0
LINE
  5
25C
330
25A
100
AcDbEntity
  8
Smart Centers
  6
Continuous
 62
     0
440
 16777216
 48
0.75
100
AcDbLine
 10
-0.035156
 20
0.0
 30
0.0
 11
0.035156
 21
0.0
 31
0.0
  0
LINE
  5
25D
330
25A
100
AcDbEntity
  8
Smart Centers
  6
Continuous
 62
     0
440
 16777216
 48
0.75
100
AcDbLine
 10
0.0
 20
-0.035156
 30
0.0
 11
0.0
 21
0.035156
 31
0.0
  0
LINE
  5
25E
330
25A
100
AcDbEntity
  8
Smart Centers
 62
     0
440
 16777216
 48
0.75
100
AcDbLine
 10
-0.671181
 20
0.0
 30
0.0
 11
-0.105469
 21
0.0
 31
0.0
  0
LINE
  5
25F
330
25A
100
AcDbEntity
  8
Smart Centers
 62
     0
440
 16777216
 48
0.75
100
AcDbLine
 10
0.105469
 20
0.0
 30
0.0
 11
0.671181
 21
0.0
 31
0.0
  0
LINE
  5
260
330
25A
100
AcDbEntity
  8
Smart Centers
 62
     0
440
 16777216
 48
0.75
100
AcDbLine
 10
0.0
 20
-0.671181
 30
0.0
 11
0.0
 21
-0.105469
 31
0.0
  0
LINE
  5
261
330
25A
100
AcDbEntity
  8
Smart Centers
 62
     0
440
 16777216
 48
0.75
100
AcDbLine
 10
0.0
 20
0.105469
 30
0.0
 11
0.0
 21
0.671181
 31
0.0
  0
ENDBLK
  5
262
330
25A
100
AcDbEntity
  8
0
100
AcDbBlockEnd
  0
BLOCK
  5
265
330
264
100
AcDbEntity
  8
0
100
AcDbBlockBegin
  2
*U26
 70
     1
 10
0.0
 20
0.0
 30
0.0
  3
*U26
  1

  0
LINE
  5
266
330
264
100
AcDbEntity
  8
Smart Centers
  6
Continuous
 62
     0
440
 16777216
 48
0.75
100
AcDbLine
 10
-0.035156
 20
0.0
 30
0.0
 11
0.035156
 21
0.0
 31
0.0
  0
LINE
  5
267
330
264
100
AcDbEntity
  8
Smart Centers
  6
Continuous
 62
     0
440
 16777216
 48
0.75
100
AcDbLine
 10
0.0
 20
-0.035156
 30
0.0
 11
0.0
 21
0.035156
 31
0.0
  0
LINE
  5
268
330
264
100
AcDbEntity
  8
Smart Centers
 62
     0
440
 16777216
 48
0.75
100
AcDbLine
 10
-0.671181
 20
0.0
 30
0.0
 11
-0.105469
 21
0.0
 31
0.0
  0
LINE
  5
269
330
264
100
AcDbEntity
  8
Smart Centers
 62
     0
440
 16777216
 48
0.75
100
AcDbLine
 10
0.105469
 20
0.0
 30
0.0
 11
0.671181
 21
0.0
 31
0.0
  0
LINE
  5
26A
330
264
100
AcDbEntity
  8
Smart Centers
 62
     0
440
 16777216
 48
0.75
100
AcDbLine
 10
0.0
 20
-0.671181
 30
0.0
 11
0.0
 21
-0.105469
 31
0.0
  0
LINE
  5
26B
330
264
100
AcDbEntity
  8
Smart Centers
 62
     0
440
 16777216
 48
0.75
100
AcDbLine
 10
0.0
 20
0.105469
 30
0.0
 11
0.0
 21
0.671181
 31
0.0
  0
ENDBLK
  5
26C
330
264
100
AcDbEntity
  8
0
100
AcDbBlockEnd
  0
BLOCK
  5
26F
330
26E
100
AcDbEntity
  8
0
100
AcDbBlockBegin
  2
*U27
 70
     1
 10
0.0
 20
0.0
 30
0.0
  3
*U27
  1

  0
LINE
  5
270
330
26E
100
AcDbEntity
  8
Smart Centers
  6
Continuous
 62
     0
440
 16777216
 48
0.75
100
AcDbLine
 10
-0.035156
 20
0.0
 30
0.0
 11
0.035156
 21
0.0
 31
0.0
  0
LINE
  5
271
330
26E
100
AcDbEntity
  8
Smart Centers
  6
Continuous
 62
     0
440
 16777216
 48
0.75
100
AcDbLine
 10
0.0
 20
-0.035156
 30
0.0
 11
0.0
 21
0.035156
 31
0.0
  0
LINE
  5
272
330
26E
100
AcDbEntity
  8
Smart Centers
 62
     0
440
 16777216
 48
0.75
100
AcDbLine
 10
-0.671181
 20
0.0
 30
0.0
 11
-0.105469
 21
0.0
 31
0.0
  0
LINE
  5
273
330
26E
100
AcDbEntity
  8
Smart Centers
 62
     0
440
 16777216
 48
0.75
100
AcDbLine
 10
0.105469
 20
0.0
 30
0.0
 11
0.671181
 21
0.0
 31
0.0
  0
LINE
  5
274
330
26E
100
AcDbEntity
  8
Smart Centers
 62
     0
440
 16777216
 48
0.75
100
AcDbLine
 10
0.0
 20
-0.671181
 30
0.0
 11
0.0
 21
-0.105469
 31
0.0
  0
LINE
  5
275
330
26E
100
AcDbEntity
  8
Smart Centers
 62
     0
440
 16777216
 48
0.75
100
AcDbLine
 10
0.0
 20
0.105469
 30
0.0
 11
0.0
 21
0.671181
 31
0.0
  0
ENDBLK
  5
276
330
26E
100
AcDbEntity
  8
0
100
AcDbBlockEnd
  0
BLOCK
  5
279
330
278
100
AcDbEntity
  8
0
100
AcDbBlockBegin
  2
*U28
 70
     1
 10
0.0
 20
0.0
 30
0.0
  3
*U28
  1

  0
LINE
  5
27A
330
278
100
AcDbEntity
  8
Smart Centers
  6
Continuous
 62
     0
440
 16777216
 48
0.75
100
AcDbLine
 10
-0.035156
 20
0.0
 30
0.0
 11
0.035156
 21
0.0
 31
0.0
  0
LINE
  5
27B
330
278
100
AcDbEntity
  8
Smart Centers
  6
Continuous
 62
     0
440
 16777216
 48
0.75
100
AcDbLine
 10
0.0
 20
-0.035156
 30
0.0
 11
0.0
 21
0.035156
 31
0.0
  0
LINE
  5
27C
330
278
100
AcDbEntity
  8
Smart Centers
 62
     0
440
 16777216
 48
0.75
100
AcDbLine
 10
-0.671181
 20
0.0
 30
0.0
 11
-0.105469
 21
0.0
 31
0.0
  0
LINE
  5
27D
330
278
100
AcDbEntity
  8
Smart Centers
 62
     0
440
 16777216
 48
0.75
100
AcDbLine
 10
0.105469
 20
0.0
 30
0.0
 11
0.671181
 21
0.0
 31
0.0
  0
LINE
  5
27E
330
278
100
AcDbEntity
  8
Smart Centers
 62
     0
440
 16777216
 48
0.75
100
AcDbLine
 10
0.0
 20
-0.671181
 30
0.0
 11
0.0
 21
-0.105469
 31
0.0
  0
LINE
  5
27F
330
278
100
AcDbEntity
  8
Smart Centers
 62
     0
440
 16777216
 48
0.75
100
AcDbLine
 10
0.0
 20
0.105469
 30
0.0
 11
0.0
 21
0.671181
 31
0.0
  0
ENDBLK
  5
280
330
278
100
AcDbEntity
  8
0
100
AcDbBlockEnd
  0
BLOCK
  5
283
330
282
100
AcDbEntity
  8
0
100
AcDbBlockBegin
  2
*U29
 70
     1
 10
0.0
 20
0.0
 30
0.0
  3
*U29
  1

  0
LINE
  5
284
330
282
100
AcDbEntity
  8
Smart Centers
  6
Continuous
 62
     0
440
 16777216
 48
0.75
100
AcDbLine
 10
-0.035156
 20
0.0
 30
0.0
 11
0.035156
 21
0.0
 31
0.0
  0
LINE
  5
285
330
282
100
AcDbEntity
  8
Smart Centers
  6
Continuous
 62
     0
440
 16777216
 48
0.75
100
AcDbLine
 10
0.0
 20
-0.035156
 30
0.0
 11
0.0
 21
0.035156
 31
0.0
  0
LINE
  5
286
330
282
100
AcDbEntity
  8
Smart Centers
 62
     0
440
 16777216
 48
0.75
100
AcDbLine
 10
-0.671181
 20
0.0
 30
0.0
 11
-0.105469
 21
0.0
 31
0.0
  0
LINE
  5
287
330
282
100
AcDbEntity
  8
Smart Centers
 62
     0
440
 16777216
 48
0.75
100
AcDbLine
 10
0.105469
 20
0.0
 30
0.0
 11
0.671181
 21
0.0
 31
0.0
  0
LINE
  5
288
330
282
100
AcDbEntity
  8
Smart Centers
 62
     0
440
 16777216
 48
0.75
100
AcDbLine
 10
0.0
 20
-0.671181
 30
0.0
 11
0.0
 21
-0.105469
 31
0.0
  0
LINE
  5
289
330
282
100
AcDbEntity
  8
Smart Centers
 62
     0
440
 16777216
 48
0.75
100
AcDbLine
 10
0.0
 20
0.105469
 30
0.0
 11
0.0
 21
0.671181
 31
0.0
  0
ENDBLK
  5
28A
330
282
100
AcDbEntity
  8
0
100
AcDbBlockEnd
  0
BLOCK
  5
28D
330
28C
100
AcDbEntity
  8
0
100
AcDbBlockBegin
  2
*U30
 70
     1
 10
0.0
 20
0.0
 30
0.0
  3
*U30
  1

  0
LINE
  5
28E
330
28C
100
AcDbEntity
  8
Smart Centers
  6
Continuous
 62
     0
440
 16777216
 48
0.75
100
AcDbLine
 10
-0.035156
 20
0.0
 30
0.0
 11
0.035156
 21
0.0
 31
0.0
  0
LINE
  5
28F
330
28C
100
AcDbEntity
  8
Smart Centers
  6
Continuous
 62
     0
440
 16777216
 48
0.75
100
AcDbLine
 10
0.0
 20
-0.035156
 30
0.0
 11
0.0
 21
0.035156
 31
0.0
  0
LINE
  5
290
330
28C
100
AcDbEntity
  8
Smart Centers
 62
     0
440
 16777216
 48
0.75
100
AcDbLine
 10
-0.671181
 20
0.0
 30
0.0
 11
-0.105469
 21
0.0
 31
0.0
  0
LINE
  5
291
330
28C
100
AcDbEntity
  8
Smart Centers
 62
     0
440
 16777216
 48
0.75
100
AcDbLine
 10
0.105469
 20
0.0
 30
0.0
 11
0.671181
 21
0.0
 31
0.0
  0
LINE
  5
292
330
28C
100
AcDbEntity
  8
Smart Centers
 62
     0
440
 16777216
 48
0.75
100
AcDbLine
 10
0.0
 20
-0.671181
 30
0.0
 11
0.0
 21
-0.105469
 31
0.0
  0
LINE
  5
293
330
28C
100
AcDbEntity
  8
Smart Centers
 62
     0
440
 16777216
 48
0.75
100
AcDbLine
 10
0.0
 20
0.105469
 30
0.0
 11
0.0
 21
0.671181
 31
0.0
  0
ENDBLK
  5
294
330
28C
100
AcDbEntity
  8
0
100
AcDbBlockEnd
  0
BLOCK
  5
297
330
296
100
AcDbEntity
  8
0
100
AcDbBlockBegin
  2
*U31
 70
     1
 10
0.0
 20
0.0
 30
0.0
  3
*U31
  1

  0
LINE
  5
298
330
296
100
AcDbEntity
  8
Smart Centers
  6
Continuous
 62
     0
440
 16777216
 48
0.75
100
AcDbLine
 10
-0.035156
 20
0.0
 30
0.0
 11
0.035156
 21
0.0
 31
0.0
  0
LINE
  5
299
330
296
100
AcDbEntity
  8
Smart Centers
  6
Continuous
 62
     0
440
 16777216
 48
0.75
100
AcDbLine
 10
0.0
 20
-0.035156
 30
0.0
 11
0.0
 21
0.035156
 31
0.0
  0
LINE
  5
29A
330
296
100
AcDbEntity
  8
Smart Centers
 62
     0
440
 16777216
 48
0.75
100
AcDbLine
 10
-0.671181
 20
0.0
 30
0.0
 11
-0.105469
 21
0.0
 31
0.0
  0
LINE
  5
29B
330
296
100
AcDbEntity
  8
Smart Centers
 62
     0
440
 16777216
 48
0.75
100
AcDbLine
 10
0.105469
 20
0.0
 30
0.0
 11
0.671181
 21
0.0
 31
0.0
  0
LINE
  5
29C
330
296
100
AcDbEntity
  8
Smart Centers
 62
     0
440
 16777216
 48
0.75
100
AcDbLine
 10
0.0
 20
-0.671181
 30
0.0
 11
0.0
 21
-0.105469
 31
0.0
  0
LINE
  5
29D
330
296
100
AcDbEntity
  8
Smart Centers
 62
     0
440
 16777216
 48
0.75
100
AcDbLine
 10
0.0
 20
0.105469
 30
0.0
 11
0.0
 21
0.671181
 31
0.0
  0
ENDBLK
  5
29E
330
296
100
AcDbEntity
  8
0
100
AcDbBlockEnd
  0
BLOCK
  5
2A1
330
2A0
100
AcDbEntity
  8
0
100
AcDbBlockBegin
  2
*U32
 70
     1
 10
0.0
 20
0.0
 30
0.0
  3
*U32
  1

  0
LINE
  5
2A2
330
2A0
100
AcDbEntity
  8
Smart Centers
  6
Continuous
 62
     0
440
 16777216
 48
0.75
100
AcDbLine
 10
-0.035156
 20
0.0
 30
0.0
 11
0.035156
 21
0.0
 31
0.0
  0
LINE
  5
2A3
330
2A0
100
AcDbEntity
  8
Smart Centers
  6
Continuous
 62
     0
440
 16777216
 48
0.75
100
AcDbLine
 10
0.0
 20
-0.035156
 30
0.0
 11
0.0
 21
0.035156
 31
0.0
  0
LINE
  5
2A4
330
2A0
100
AcDbEntity
  8
Smart Centers
 62
     0
440
 16777216
 48
0.75
100
AcDbLine
 10
-0.671181
 20
0.0
 30
0.0
 11
-0.105469
 21
0.0
 31
0.0
  0
LINE
  5
2A5
330
2A0
100
AcDbEntity
  8
Smart Centers
 62
     0
440
 16777216
 48
0.75
100
AcDbLine
 10
0.105469
 20
0.0
 30
0.0
 11
0.671181
 21
0.0
 31
0.0
  0
LINE
  5
2A6
330
2A0
100
AcDbEntity
  8
Smart Centers
 62
     0
440
 16777216
 48
0.75
100
AcDbLine
 10
0.0
 20
-0.671181
 30
0.0
 11
0.0
 21
-0.105469
 31
0.0
  0
LINE
  5
2A7
330
2A0
100
AcDbEntity
  8
Smart Centers
 62
     0
440
 16777216
 48
0.75
100
AcDbLine
 10
0.0
 20
0.105469
 30
0.0
 11
0.0
 21
0.671181
 31
0.0
  0
ENDBLK
  5
2A8
330
2A0
100
AcDbEntity
  8
0
100
AcDbBlockEnd
  0
BLOCK
  5
2AC
330
2AB
100
AcDbEntity
  8
0
100
AcDbBlockBegin
  2
*D33
 70
     1
 10
0.0
 20
0.0
 30
0.0
  3
*D33
  1

  0
LINE
  5
2AD
330
2AB
100
AcDbEntity
  8
FD_Dimensions
 62
     0
440
 16777216
370
    -2
100
AcDbLine
 10
11.340013
 20
9.181931
 30
0.0
 11
10.465725
 21
9.181931
 31
0.0
  0
LINE
  5
2AE
330
2AB
100
AcDbEntity
  8
FD_Dimensions
 62
     0
440
 16777216
370
    -2
100
AcDbLine
 10
12.048674
 20
10.835474
 30
0.0
 11
10.465725
 21
10.835474
 31
0.0
  0
LINE
  5
2AF
330
2AB
100
AcDbEntity
  8
FD_Dimensions
 62
     0
440
 16777216
370
    -2
100
AcDbLine
 10
10.535725
 20
9.301931
 30
0.0
 11
10.535725
 21
9.897434
 31
0.0
  0
LINE
  5
2B0
330
2AB
100
AcDbEntity
  8
FD_Dimensions
 62
     0
440
 16777216
370
    -2
100
AcDbLine
 10
10.535725
 20
10.715474
 30
0.0
 11
10.535725
 21
10.119971
 31
0.0
  0
SOLID
  5
2B1
330
2AB
100
AcDbEntity
  8
FD_Dimensions
 62
     0
440
 16777216
100
AcDbTrace
 10
10.515725
 20
9.301931
 30
0.0
 11
10.555725
 21
9.301931
 31
0.0
 12
10.535725
 22
9.181931
 32
0.0
 13
10.535725
 23
9.181931
 33
0.0
  0
SOLID
  5
2B2
330
2AB
100
AcDbEntity
  8
FD_Dimensions
 62
     0
440
 16777216
100
AcDbTrace
 10
10.515725
 20
10.715474
 30
0.0
 11
10.555725
 21
10.715474
 31
0.0
 12
10.535725
 22
10.835474
 32
0.0
 13
10.535725
 23
10.835474
 33
0.0
  0
MTEXT
  5
2B3
330
2AB
100
AcDbEntity
  8
FD_Dimensions
 62
     0
440
 16777216
100
AcDbMText
 10
10.535725
 20
10.008703
 30
0.0
 40
0.12
 41
0.0
 46
0.0
 71
     5
 72
     1
  1
\A1;1.65
 73
     1
 44
1.0
  0
POINT
  5
2B4
330
2AB
100
AcDbEntity
  8
Defpoints
 62
     0
440
 16777216
100
AcDbPoint
 10
11.410013
 20
9.181931
 30
0.0
  0
POINT
  5
2B5
330
2AB
100
AcDbEntity
  8
Defpoints
 62
     0
440
 16777216
100
AcDbPoint
 10
12.118674
 20
10.835474
 30
0.0
  0
POINT
  5
2B6
330
2AB
100
AcDbEntity
  8
Defpoints
 62
     0
440
 16777216
100
AcDbPoint
 10
10.535725
 20
10.835474
 30
0.0
  0
ENDBLK
  5
2B7
330
2AB
100
AcDbEntity
  8
0
100
AcDbBlockEnd
  0
BLOCK
  5
2BA
330
2B9
100
AcDbEntity
  8
0
100
AcDbBlockBegin
  2
*D34
 70
     1
 10
0.0
 20
0.0
 30
0.0
  3
*D34
  1

  0
LINE
  5
2BB
330
2B9
100
AcDbEntity
  8
FD_Dimensions
 62
     0
440
 16777216
370
    -2
100
AcDbLine
 10
12.081194
 20
8.44075
 30
0.0
 11
12.081194
 21
7.68752
 31
0.0
  0
LINE
  5
2BC
330
2B9
100
AcDbEntity
  8
FD_Dimensions
 62
     0
440
 16777216
370
    -2
100
AcDbLine
 10
13.498517
 20
8.44075
 30
0.0
 11
13.498517
 21
7.68752
 31
0.0
  0
LINE
  5
2BD
330
2B9
100
AcDbEntity
  8
FD_Dimensions
 62
     0
440
 16777216
370
    -2
100
AcDbLine
 10
12.201194
 20
7.75752
 30
0.0
 11
12.590265
 21
7.75752
 31
0.0
  0
LINE
  5
2BE
330
2B9
100
AcDbEntity
  8
FD_Dimensions
 62
     0
440
 16777216
370
    -2
100
AcDbLine
 10
13.378517
 20
7.75752
 30
0.0
 11
12.989446
 21
7.75752
 31
0.0
  0
SOLID
  5
2BF
330
2B9
100
AcDbEntity
  8
FD_Dimensions
 62
     0
440
 16777216
100
AcDbTrace
 10
12.201194
 20
7.77752
 30
0.0
 11
12.201194
 21
7.73752
 31
0.0
 12
12.081194
 22
7.75752
 32
0.0
 13
12.081194
 23
7.75752
 33
0.0
  0
SOLID
  5
2C0
330
2B9
100
AcDbEntity
  8
FD_Dimensions
 62
     0
440
 16777216
100
AcDbTrace
 10
13.378517
 20
7.77752
 30
0.0
 11
13.378517
 21
7.73752
 31
0.0
 12
13.498517
 22
7.75752
 32
0.0
 13
13.498517
 23
7.75752
 33
0.0
  0
MTEXT
  5
2C1
330
2B9
100
AcDbEntity
  8
FD_Dimensions
 62
     0
440
 16777216
100
AcDbMText
 10
12.789855
 20
7.75752
 30
0.0
 40
0.12
 41
0.0
 46
0.0
 71
     5
 72
     1
  1
\A1;1.42
 73
     1
 44
1.0
  0
POINT
  5
2C2
330
2B9
100
AcDbEntity
  8
Defpoints
 62
     0
440
 16777216
100
AcDbPoint
 10
12.081194
 20
8.51075
 30
0.0
  0
POINT
  5
2C3
330
2B9
100
AcDbEntity
  8
Defpoints
 62
     0
440
 16777216
100
AcDbPoint
 10
13.498517
 20
8.51075
 30
0.0
  0
POINT
  5
2C4
330
2B9
100
AcDbEntity
  8
Defpoints
 62
     0
440
 16777216
100
AcDbPoint
 10
13.498517
 20
7.75752
 30
0.0
  0
ENDBLK
  5
2C5
330
2B9
100
AcDbEntity
  8
0
100
AcDbBlockEnd
  0
BLOCK
  5
2C8
330
2C7
100
AcDbEntity
  8
0
100
AcDbBlockBegin
  2
*D35
 70
     1
 10
0.0
 20
0.0
 30
0.0
  3
*D35
  1

  0
LINE
  5
2C9
330
2C7
100
AcDbEntity
  8
FD_Dimensions
 62
     0
440
 16777216
370
    -2
100
AcDbLine
 10
12.624853
 20
11.884392
 30
0.0
 11
12.744853
 21
11.884392
 31
0.0
  0
LINE
  5
2CA
330
2C7
100
AcDbEntity
  8
FD_Dimensions
 62
     0
440
 16777216
370
    -2
100
AcDbLine
 10
12.744853
 20
11.884392
 30
0.0
 11
12.974987
 21
12.069016
 31
0.0
  0
MTEXT
  5
2CB
330
2C7
100
AcDbEntity
  8
FD_Dimensions
 62
     0
440
 16777216
100
AcDbMText
 10
12.41192
 20
11.884392
 30
0.0
 40
0.12
 41
0.0
 46
0.0
 71
     5
 72
     1
  1
\A1;∅1.1
 73
     1
 44
1.0
  0
SOLID
  5
2CC
330
2C7
100
AcDbEntity
  8
FD_Dimensions
 62
     0
440
 16777216
100
AcDbTrace
 10
12.962472
 20
12.084617
 30
0.0
 11
12.987502
 21
12.053416
 31
0.0
 12
13.068589
 22
12.144108
 32
0.0
 13
13.068589
 23
12.144108
 33
0.0
  0
POINT
  5
2CD
330
2C7
100
AcDbEntity
  8
Defpoints
 62
     0
440
 16777216
100
AcDbPoint
 10
13.068589
 20
12.144108
 30
0.0
  0
POINT
  5
2CE
330
2C7
100
AcDbEntity
  8
Defpoints
 62
     0
440
 16777216
100
AcDbPoint
 10
13.928445
 20
12.833927
 30
0.0
  0
ENDBLK
  5
2CF
330
2C7
100
AcDbEntity
  8
0
100
AcDbBlockEnd
  0
BLOCK
  5
2D2
330
2D1
100
AcDbEntity
  8
0
100
AcDbBlockBegin
  2
*D36
 70
     1
 10
0.0
 20
0.0
 30
0.0
  3
*D36
  1

  0
LINE
  5
2D3
330
2D1
100
AcDbEntity
  8
FD_Dimensions
 62
     0
440
 16777216
370
    -2
100
AcDbLine
 10
11.293618
 20
15.589513
 30
0.0
 11
11.413618
 21
15.589513
 31
0.0
  0
LINE
  5
2D4
330
2D1
100
AcDbEntity
  8
FD_Dimensions
 62
     0
440
 16777216
370
    -2
100
AcDbLine
 10
11.413618
 20
15.589513
 30
0.0
 11
11.518608
 21
15.5314
 31
0.0
  0
MTEXT
  5
2D5
330
2D1
100
AcDbEntity
  8
FD_Dimensions
 62
     0
440
 16777216
100
AcDbMText
 10
11.13962
 20
15.589513
 30
0.0
 40
0.12
 41
0.0
 46
0.0
 71
     5
 72
     1
  1
\A1;∅2
 73
     1
 44
1.0
  0
SOLID
  5
2D6
330
2D1
100
AcDbEntity
  8
FD_Dimensions
 62
     0
440
 16777216
100
AcDbTrace
 10
11.528293
 20
15.548898
 30
0.0
 11
11.508922
 21
15.513902
 31
0.0
 12
11.623598
 22
15.473288
 32
0.0
 13
11.623598
 23
15.473288
 33
0.0
  0
POINT
  5
2D7
330
2D1
100
AcDbEntity
  8
Defpoints
 62
     0
440
 16777216
100
AcDbPoint
 10
11.623598
 20
15.473288
 30
0.0
  0
POINT
  5
2D8
330
2D1
100
AcDbEntity
  8
Defpoints
 62
     0
440
 16777216
100
AcDbPoint
 10
13.373435
 20
14.504748
 30
0.0
  0
ENDBLK
  5
2D9
330
2D1
100
AcDbEntity
  8
0
100
AcDbBlockEnd
  0
BLOCK
  5
2DC
330
2DB
100
AcDbEntity
  8
0
100
AcDbBlockBegin
  2
*D37
 70
     1
 10
0.0
 20
0.0
 30
0.0
  3
*D37
  1

  0
LINE
  5
2DD
330
2DB
100
AcDbEntity
  8
FD_Dimensions
 62
     0
440
 16777216
370
    -2
100
AcDbLine
 10
13.584186
 20
15.815789
 30
0.0
 11
13.944186
 21
15.815789
 31
0.0
  0
LINE
  5
2DE
330
2DB
100
AcDbEntity
  8
FD_Dimensions
 62
     0
440
 16777216
370
    -2
100
AcDbLine
 10
13.584186
 20
14.162246
 30
0.0
 11
13.944186
 21
14.162246
 31
0.0
  0
LINE
  5
2DF
330
2DB
100
AcDbEntity
  8
FD_Dimensions
 62
     0
440
 16777216
370
    -2
100
AcDbLine
 10
13.874186
 20
15.695789
 30
0.0
 11
13.874186
 21
15.100286
 31
0.0
  0
LINE
  5
2E0
330
2DB
100
AcDbEntity
  8
FD_Dimensions
 62
     0
440
 16777216
370
    -2
100
AcDbLine
 10
13.874186
 20
14.282246
 30
0.0
 11
13.874186
 21
14.877749
 31
0.0
  0
SOLID
  5
2E1
330
2DB
100
AcDbEntity
  8
FD_Dimensions
 62
     0
440
 16777216
100
AcDbTrace
 10
13.854186
 20
15.695789
 30
0.0
 11
13.894186
 21
15.695789
 31
0.0
 12
13.874186
 22
15.815789
 32
0.0
 13
13.874186
 23
15.815789
 33
0.0
  0
SOLID
  5
2E2
330
2DB
100
AcDbEntity
  8
FD_Dimensions
 62
     0
440
 16777216
100
AcDbTrace
 10
13.854186
 20
14.282246
 30
0.0
 11
13.894186
 21
14.282246
 31
0.0
 12
13.874186
 22
14.162246
 32
0.0
 13
13.874186
 23
14.162246
 33
0.0
  0
MTEXT
  5
2E3
330
2DB
100
AcDbEntity
  8
FD_Dimensions
 62
     0
440
 16777216
100
AcDbMText
 10
13.874186
 20
14.989018
 30
0.0
 40
0.12
 41
0.0
 46
0.0
 71
     5
 72
     1
  1
\A1;1.65
 73
     1
 44
1.0
  0
POINT
  5
2E4
330
2DB
100
AcDbEntity
  8
Defpoints
 62
     0
440
 16777216
100
AcDbPoint
 10
13.514186
 20
15.815789
 30
0.0
  0
POINT
  5
2E5
330
2DB
100
AcDbEntity
  8
Defpoints
 62
     0
440
 16777216
100
AcDbPoint
 10
13.514186
 20
14.162246
 30
0.0
  0
POINT
  5
2E6
330
2DB
100
AcDbEntity
  8
Defpoints
 62
     0
440
 16777216
100
AcDbPoint
 10
13.874186
 20
14.162246
 30
0.0
  0
ENDBLK
  5
2E7
330
2DB
100
AcDbEntity
  8
0
100
AcDbBlockEnd
  0
BLOCK
  5
2EA
330
2E9
100
AcDbEntity
  8
0
100
AcDbBlockBegin
  2
*D38
 70
     1
 10
0.0
 20
0.0
 30
0.0
  3
*D38
  1

  0
LINE
  5
2EB
330
2E9
100
AcDbEntity
  8
FD_Dimensions
 62
     0
440
 16777216
370
    -2
100
AcDbLine
 10
11.671745
 20
13.903348
 30
0.0
 11
11.671745
 21
13.543348
 31
0.0
  0
LINE
  5
2EC
330
2E9
100
AcDbEntity
  8
FD_Dimensions
 62
     0
440
 16777216
370
    -2
100
AcDbLine
 10
13.325288
 20
13.903348
 30
0.0
 11
13.325288
 21
13.543348
 31
0.0
  0
LINE
  5
2ED
330
2E9
100
AcDbEntity
  8
FD_Dimensions
 62
     0
440
 16777216
370
    -2
100
AcDbLine
 10
11.791745
 20
13.613348
 30
0.0
 11
12.297862
 21
13.613348
 31
0.0
  0
LINE
  5
2EE
330
2E9
100
AcDbEntity
  8
FD_Dimensions
 62
     0
440
 16777216
370
    -2
100
AcDbLine
 10
13.205288
 20
13.613348
 30
0.0
 11
12.699172
 21
13.613348
 31
0.0
  0
SOLID
  5
2EF
330
2E9
100
AcDbEntity
  8
FD_Dimensions
 62
     0
440
 16777216
100
AcDbTrace
 10
11.791745
 20
13.633348
 30
0.0
 11
11.791745
 21
13.593348
 31
0.0
 12
11.671745
 22
13.613348
 32
0.0
 13
11.671745
 23
13.613348
 33
0.0
  0
SOLID
  5
2F0
330
2E9
100
AcDbEntity
  8
FD_Dimensions
 62
     0
440
 16777216
100
AcDbTrace
 10
13.205288
 20
13.633348
 30
0.0
 11
13.205288
 21
13.593348
 31
0.0
 12
13.325288
 22
13.613348
 32
0.0
 13
13.325288
 23
13.613348
 33
0.0
  0
MTEXT
  5
2F1
330
2E9
100
AcDbEntity
  8
FD_Dimensions
 62
     0
440
 16777216
100
AcDbMText
 10
12.498517
 20
13.613348
 30
0.0
 40
0.12
 41
0.0
 46
0.0
 71
     5
 72
     1
  1
\A1;1.65
 73
     1
 44
1.0
  0
POINT
  5
2F2
330
2E9
100
AcDbEntity
  8
Defpoints
 62
     0
440
 16777216
100
AcDbPoint
 10
11.671745
 20
13.973348
 30
0.0
  0
POINT
  5
2F3
330
2E9
100
AcDbEntity
  8
Defpoints
 62
     0
440
 16777216
100
AcDbPoint
 10
13.325288
 20
13.973348
 30
0.0
  0
POINT
  5
2F4
330
2E9
100
AcDbEntity
  8
Defpoints
 62
     0
440
 16777216
100
AcDbPoint
 10
13.325288
 20
13.613348
 30
0.0
  0
ENDBLK
  5
2F5
330
2E9
100
AcDbEntity
  8
0
100
AcDbBlockEnd
  0
BLOCK
  5
2F8
330
2F7
100
AcDbEntity
  8
0
100
AcDbBlockBegin
  2
*D39
 70
     1
 10
0.0
 20
0.0
 30
0.0
  3
*D39
  1

  0
LINE
  5
2F9
330
2F7
100
AcDbEntity
  8
FD_Dimensions
 62
     0
440
 16777216
370
    -2
100
AcDbLine
 10
12.498517
 20
16.179018
 30
0.0
 11
12.498517
 21
16.899018
 31
0.0
  0
LINE
  5
2FA
330
2F7
100
AcDbEntity
  8
FD_Dimensions
 62
     0
440
 16777216
370
    -2
100
AcDbLine
 10
21.585131
 20
16.179018
 30
0.0
 11
21.585131
 21
16.899018
 31
0.0
  0
LINE
  5
2FB
330
2F7
100
AcDbEntity
  8
FD_Dimensions
 62
     0
440
 16777216
370
    -2
100
AcDbLine
 10
12.618517
 20
16.829018
 30
0.0
 11
16.835848
 21
16.829018
 31
0.0
  0
LINE
  5
2FC
330
2F7
100
AcDbEntity
  8
FD_Dimensions
 62
     0
440
 16777216
370
    -2
100
AcDbLine
 10
21.465131
 20
16.829018
 30
0.0
 11
17.247799
 21
16.829018
 31
0.0
  0
SOLID
  5
2FD
330
2F7
100
AcDbEntity
  8
FD_Dimensions
 62
     0
440
 16777216
100
AcDbTrace
 10
12.618517
 20
16.849018
 30
0.0
 11
12.618517
 21
16.809018
 31
0.0
 12
12.498517
 22
16.829018
 32
0.0
 13
12.498517
 23
16.829018
 33
0.0
  0
SOLID
  5
2FE
330
2F7
100
AcDbEntity
  8
FD_Dimensions
 62
     0
440
 16777216
100
AcDbTrace
 10
21.465131
 20
16.849018
 30
0.0
 11
21.465131
 21
16.809018
 31
0.0
 12
21.585131
 22
16.829018
 32
0.0
 13
21.585131
 23
16.829018
 33
0.0
  0
MTEXT
  5
2FF
330
2F7
100
AcDbEntity
  8
FD_Dimensions
 62
     0
440
 16777216
100
AcDbMText
 10
17.041824
 20
16.829018
 30
0.0
 40
0.12
 41
0.0
 46
0.0
 71
     5
 72
     1
  1
\A1;9.09
 73
     1
 44
1.0
  0
POINT
  5
300
330
2F7
100
AcDbEntity
  8
Defpoints
 62
     0
440
 16777216
100
AcDbPoint
 10
12.498517
 20
16.109018
 30
0.0
  0
POINT
  5
301
330
2F7
100
AcDbEntity
  8
Defpoints
 62
     0
440
 16777216
100
AcDbPoint
 10
21.585131
 20
16.109018
 30
0.0
  0
POINT
  5
302
330
2F7
100
AcDbEntity
  8
Defpoints
 62
     0
440
 16777216
100
AcDbPoint
 10
21.585131
 20
16.829018
 30
0.0
  0
ENDBLK
  5
303
330
2F7
100
AcDbEntity
  8
0
100
AcDbBlockEnd
  0
BLOCK
  5
306
330
305
100
AcDbEntity
  8
0
100
AcDbBlockBegin
  2
*D40
 70
     1
 10
0.0
 20
0.0
 30
0.0
  3
*D40
  1

  0
LINE
  5
307
330
305
100
AcDbEntity
  8
FD_Dimensions
 62
     0
440
 16777216
370
    -2
100
AcDbLine
 10
12.081194
 20
9.923112
 30
0.0
 11
12.081194
 21
10.097728
 31
0.0
  0
LINE
  5
308
330
305
100
AcDbEntity
  8
FD_Dimensions
 62
     0
440
 16777216
370
    -2
100
AcDbLine
 10
12.789855
 20
10.094293
 30
0.0
 11
12.789855
 21
9.957728
 31
0.0
  0
LINE
  5
309
330
305
100
AcDbEntity
  8
FD_Dimensions
 62
     0
440
 16777216
370
    -2
100
AcDbLine
 10
12.201194
 20
10.027728
 30
0.0
 11
12.292005
 21
10.027728
 31
0.0
  0
LINE
  5
30A
330
305
100
AcDbEntity
  8
FD_Dimensions
 62
     0
440
 16777216
370
    -2
100
AcDbLine
 10
12.669855
 20
10.027728
 30
0.0
 11
12.579044
 21
10.027728
 31
0.0
  0
SOLID
  5
30B
330
305
100
AcDbEntity
  8
FD_Dimensions
 62
     0
440
 16777216
100
AcDbTrace
 10
12.201194
 20
10.047728
 30
0.0
 11
12.201194
 21
10.007728
 31
0.0
 12
12.081194
 22
10.027728
 32
0.0
 13
12.081194
 23
10.027728
 33
0.0
  0
SOLID
  5
30C
330
305
100
AcDbEntity
  8
FD_Dimensions
 62
     0
440
 16777216
100
AcDbTrace
 10
12.669855
 20
10.047728
 30
0.0
 11
12.669855
 21
10.007728
 31
0.0
 12
12.789855
 22
10.027728
 32
0.0
 13
12.789855
 23
10.027728
 33
0.0
  0
MTEXT
  5
30D
330
305
100
AcDbEntity
  8
FD_Dimensions
 62
     0
440
 16777216
100
AcDbMText
 10
12.435525
 20
10.027728
 30
0.0
 40
0.12
 41
0.0
 46
0.0
 71
     5
 72
     1
  1
\A1;.71
 73
     1
 44
1.0
  0
POINT
  5
30E
330
305
100
AcDbEntity
  8
Defpoints
 62
     0
440
 16777216
100
AcDbPoint
 10
12.081194
 20
9.853112
 30
0.0
  0
POINT
  5
30F
330
305
100
AcDbEntity
  8
Defpoints
 62
     0
440
 16777216
100
AcDbPoint
 10
12.789855
 20
10.164293
 30
0.0
  0
POINT
  5
310
330
305
100
AcDbEntity
  8
Defpoints
 62
     0
440
 16777216
100
AcDbPoint
 10
12.789855
 20
10.027728
 30
0.0
  0
ENDBLK
  5
311
330
305
100
AcDbEntity
  8
0
100
AcDbBlockEnd
  0
BLOCK
  5
314
330
313
100
AcDbEntity
  8
0
100
AcDbBlockBegin
  2
*D41
 70
     1
 10
0.0
 20
0.0
 30
0.0
  3
*D41
  1

  0
LINE
  5
4BD
330
313
100
AcDbEntity
  8
FD_Dimensions
 62
     0
440
 16777216
370
    -2
100
AcDbLine
 10
11.340013
 20
9.181931
 30
0.0
 11
10.465725
 21
9.181931
 31
0.0
  0
LINE
  5
4BE
330
313
100
AcDbEntity
  8
FD_Dimensions
 62
     0
440
 16777216
370
    -2
100
AcDbLine
 10
12.048674
 20
10.835474
 30
0.0
 11
10.465725
 21
10.835474
 31
0.0
  0
LINE
  5
4BF
330
313
100
AcDbEntity
  8
FD_Dimensions
 62
     0
440
 16777216
370
    -2
100
AcDbLine
 10
10.535725
 20
9.301931
 30
0.0
 11
10.535725
 21
9.897434
 31
0.0
  0
LINE
  5
4C0
330
313
100
AcDbEntity
  8
FD_Dimensions
 62
     0
440
 16777216
370
    -2
100
AcDbLine
 10
10.535725
 20
10.715474
 30
0.0
 11
10.535725
 21
10.119971
 31
0.0
  0
SOLID
  5
4C1
330
313
100
AcDbEntity
  8
FD_Dimensions
 62
     0
440
 16777216
100
AcDbTrace
 10
10.515725
 20
9.301931
 30
0.0
 11
10.555725
 21
9.301931
 31
0.0
 12
10.535725
 22
9.181931
 32
0.0
 13
10.535725
 23
9.181931
 33
0.0
  0
SOLID
  5
4C2
330
313
100
AcDbEntity
  8
FD_Dimensions
 62
     0
440
 16777216
100
AcDbTrace
 10
10.515725
 20
10.715474
 30
0.0
 11
10.555725
 21
10.715474
 31
0.0
 12
10.535725
 22
10.835474
 32
0.0
 13
10.535725
 23
10.835474
 33
0.0
  0
MTEXT
  5
4C3
330
313
100
AcDbEntity
  8
FD_Dimensions
 62
     0
440
 16777216
100
AcDbMText
 10
10.535725
 20
10.008703
 30
0.0
 40
0.12
 41
0.0
 46
0.0
 71
     5
 72
     1
  1
\A1;1.65
 73
     1
 44
1.0
  0
POINT
  5
4C4
330
313
100
AcDbEntity
  8
Defpoints
 62
     0
440
 16777216
100
AcDbPoint
 10
11.410013
 20
9.181931
 30
0.0
  0
POINT
  5
4C5
330
313
100
AcDbEntity
  8
Defpoints
 62
     0
440
 16777216
100
AcDbPoint
 10
12.118674
 20
10.835474
 30
0.0
  0
POINT
  5
4C6
330
313
100
AcDbEntity
  8
Defpoints
 62
     0
440
 16777216
100
AcDbPoint
 10
10.535725
 20
10.835474
 30
0.0
  0
ENDBLK
  5
315
330
313
100
AcDbEntity
  8
0
100
AcDbBlockEnd
  0
BLOCK
  5
321
330
320
100
AcDbEntity
  8
0
100
AcDbBlockBegin
  2
*D42
 70
     1
 10
0.0
 20
0.0
 30
0.0
  3
*D42
  1

  0
LINE
  5
4C7
330
320
100
AcDbEntity
  8
FD_Dimensions
 62
     0
440
 16777216
370
    -2
100
AcDbLine
 10
12.081194
 20
8.44075
 30
0.0
 11
12.081194
 21
7.68752
 31
0.0
  0
LINE
  5
4C8
330
320
100
AcDbEntity
  8
FD_Dimensions
 62
     0
440
 16777216
370
    -2
100
AcDbLine
 10
13.498517
 20
8.44075
 30
0.0
 11
13.498517
 21
7.68752
 31
0.0
  0
LINE
  5
4C9
330
320
100
AcDbEntity
  8
FD_Dimensions
 62
     0
440
 16777216
370
    -2
100
AcDbLine
 10
12.201194
 20
7.75752
 30
0.0
 11
12.590265
 21
7.75752
 31
0.0
  0
LINE
  5
4CA
330
320
100
AcDbEntity
  8
FD_Dimensions
 62
     0
440
 16777216
370
    -2
100
AcDbLine
 10
13.378517
 20
7.75752
 30
0.0
 11
12.989446
 21
7.75752
 31
0.0
  0
SOLID
  5
4CB
330
320
100
AcDbEntity
  8
FD_Dimensions
 62
     0
440
 16777216
100
AcDbTrace
 10
12.201194
 20
7.77752
 30
0.0
 11
12.201194
 21
7.73752
 31
0.0
 12
12.081194
 22
7.75752
 32
0.0
 13
12.081194
 23
7.75752
 33
0.0
  0
SOLID
  5
4CC
330
320
100
AcDbEntity
  8
FD_Dimensions
 62
     0
440
 16777216
100
AcDbTrace
 10
13.378517
 20
7.77752
 30
0.0
 11
13.378517
 21
7.73752
 31
0.0
 12
13.498517
 22
7.75752
 32
0.0
 13
13.498517
 23
7.75752
 33
0.0
  0
MTEXT
  5
4CD
330
320
100
AcDbEntity
  8
FD_Dimensions
 62
     0
440
 16777216
100
AcDbMText
 10
12.789855
 20
7.75752
 30
0.0
 40
0.12
 41
0.0
 46
0.0
 71
     5
 72
     1
  1
\A1;1.42
 73
     1
 44
1.0
  0
POINT
  5
4CE
330
320
100
AcDbEntity
  8
Defpoints
 62
     0
440
 16777216
100
AcDbPoint
 10
12.081194
 20
8.51075
 30
0.0
  0
POINT
  5
4CF
330
320
100
AcDbEntity
  8
Defpoints
 62
     0
440
 16777216
100
AcDbPoint
 10
13.498517
 20
8.51075
 30
0.0
  0
POINT
  5
4D0
330
320
100
AcDbEntity
  8
Defpoints
 62
     0
440
 16777216
100
AcDbPoint
 10
13.498517
 20
7.75752
 30
0.0
  0
ENDBLK
  5
322
330
320
100
AcDbEntity
  8
0
100
AcDbBlockEnd
  0
BLOCK
  5
32E
330
32D
100
AcDbEntity
  8
0
100
AcDbBlockBegin
  2
*D43
 70
     1
 10
0.0
 20
0.0
 30
0.0
  3
*D43
  1

  0
LINE
  5
4D1
330
32D
100
AcDbEntity
  8
FD_Dimensions
 62
     0
440
 16777216
370
    -2
100
AcDbLine
 10
12.624853
 20
11.884392
 30
0.0
 11
12.744853
 21
11.884392
 31
0.0
  0
LINE
  5
4D2
330
32D
100
AcDbEntity
  8
FD_Dimensions
 62
     0
440
 16777216
370
    -2
100
AcDbLine
 10
12.744853
 20
11.884392
 30
0.0
 11
12.974987
 21
12.069016
 31
0.0
  0
MTEXT
  5
4D3
330
32D
100
AcDbEntity
  8
FD_Dimensions
 62
     0
440
 16777216
100
AcDbMText
 10
12.41192
 20
11.884392
 30
0.0
 40
0.12
 41
0.0
 46
0.0
 71
     5
 72
     1
  1
\A1;∅1.1
 73
     1
 44
1.0
  0
SOLID
  5
4D4
330
32D
100
AcDbEntity
  8
FD_Dimensions
 62
     0
440
 16777216
100
AcDbTrace
 10
12.962472
 20
12.084617
 30
0.0
 11
12.987502
 21
12.053416
 31
0.0
 12
13.068589
 22
12.144108
 32
0.0
 13
13.068589
 23
12.144108
 33
0.0
  0
POINT
  5
4D5
330
32D
100
AcDbEntity
  8
Defpoints
 62
     0
440
 16777216
100
AcDbPoint
 10
13.068589
 20
12.144108
 30
0.0
  0
POINT
  5
4D6
330
32D
100
AcDbEntity
  8
Defpoints
 62
     0
440
 16777216
100
AcDbPoint
 10
13.928445
 20
12.833927
 30
0.0
  0
ENDBLK
  5
32F
330
32D
100
AcDbEntity
  8
0
100
AcDbBlockEnd
  0
BLOCK
  5
337
330
336
100
AcDbEntity
  8
0
100
AcDbBlockBegin
  2
*D44
 70
     1
 10
0.0
 20
0.0
 30
0.0
  3
*D44
  1

  0
LINE
  5
4D7
330
336
100
AcDbEntity
  8
FD_Dimensions
 62
     0
440
 16777216
370
    -2
100
AcDbLine
 10
11.293618
 20
15.589513
 30
0.0
 11
11.413618
 21
15.589513
 31
0.0
  0
LINE
  5
4D8
330
336
100
AcDbEntity
  8
FD_Dimensions
 62
     0
440
 16777216
370
    -2
100
AcDbLine
 10
11.413618
 20
15.589513
 30
0.0
 11
11.518608
 21
15.5314
 31
0.0
  0
MTEXT
  5
4D9
330
336
100
AcDbEntity
  8
FD_Dimensions
 62
     0
440
 16777216
100
AcDbMText
 10
11.13962
 20
15.589513
 30
0.0
 40
0.12
 41
0.0
 46
0.0
 71
     5
 72
     1
  1
\A1;∅2
 73
     1
 44
1.0
  0
SOLID
  5
4DA
330
336
100
AcDbEntity
  8
FD_Dimensions
 62
     0
440
 16777216
100
AcDbTrace
 10
11.528293
 20
15.548898
 30
0.0
 11
11.508922
 21
15.513902
 31
0.0
 12
11.623598
 22
15.473288
 32
0.0
 13
11.623598
 23
15.473288
 33
0.0
  0
POINT
  5
4DB
330
336
100
AcDbEntity
  8
Defpoints
 62
     0
440
 16777216
100
AcDbPoint
 10
11.623598
 20
15.473288
 30
0.0
  0
POINT
  5
4DC
330
336
100
AcDbEntity
  8
Defpoints
 62
     0
440
 16777216
100
AcDbPoint
 10
13.373435
 20
14.504748
 30
0.0
  0
ENDBLK
  5
338
330
336
100
AcDbEntity
  8
0
100
AcDbBlockEnd
  0
BLOCK
  5
340
330
33F
100
AcDbEntity
  8
0
100
AcDbBlockBegin
  2
*D45
 70
     1
 10
0.0
 20
0.0
 30
0.0
  3
*D45
  1

  0
LINE
  5
4DD
330
33F
100
AcDbEntity
  8
FD_Dimensions
 62
     0
440
 16777216
370
    -2
100
AcDbLine
 10
13.584186
 20
15.815789
 30
0.0
 11
13.944186
 21
15.815789
 31
0.0
  0
LINE
  5
4DE
330
33F
100
AcDbEntity
  8
FD_Dimensions
 62
     0
440
 16777216
370
    -2
100
AcDbLine
 10
13.584186
 20
14.162246
 30
0.0
 11
13.944186
 21
14.162246
 31
0.0
  0
LINE
  5
4DF
330
33F
100
AcDbEntity
  8
FD_Dimensions
 62
     0
440
 16777216
370
    -2
100
AcDbLine
 10
13.874186
 20
15.695789
 30
0.0
 11
13.874186
 21
15.100286
 31
0.0
  0
LINE
  5
4E0
330
33F
100
AcDbEntity
  8
FD_Dimensions
 62
     0
440
 16777216
370
    -2
100
AcDbLine
 10
13.874186
 20
14.282246
 30
0.0
 11
13.874186
 21
14.877749
 31
0.0
  0
SOLID
  5
4E1
330
33F
100
AcDbEntity
  8
FD_Dimensions
 62
     0
440
 16777216
100
AcDbTrace
 10
13.854186
 20
15.695789
 30
0.0
 11
13.894186
 21
15.695789
 31
0.0
 12
13.874186
 22
15.815789
 32
0.0
 13
13.874186
 23
15.815789
 33
0.0
  0
SOLID
  5
4E2
330
33F
100
AcDbEntity
  8
FD_Dimensions
 62
     0
440
 16777216
100
AcDbTrace
 10
13.854186
 20
14.282246
 30
0.0
 11
13.894186
 21
14.282246
 31
0.0
 12
13.874186
 22
14.162246
 32
0.0
 13
13.874186
 23
14.162246
 33
0.0
  0
MTEXT
  5
4E3
330
33F
100
AcDbEntity
  8
FD_Dimensions
 62
     0
440
 16777216
100
AcDbMText
 10
13.874186
 20
14.989018
 30
0.0
 40
0.12
 41
0.0
 46
0.0
 71
     5
 72
     1
  1
\A1;1.65
 73
     1
 44
1.0
  0
POINT
  5
4E4
330
33F
100
AcDbEntity
  8
Defpoints
 62
     0
440
 16777216
100
AcDbPoint
 10
13.514186
 20
15.815789
 30
0.0
  0
POINT
  5
4E5
330
33F
100
AcDbEntity
  8
Defpoints
 62
     0
440
 16777216
100
AcDbPoint
 10
13.514186
 20
14.162246
 30
0.0
  0
POINT
  5
4E6
330
33F
100
AcDbEntity
  8
Defpoints
 62
     0
440
 16777216
100
AcDbPoint
 10
13.874186
 20
14.162246
 30
0.0
  0
ENDBLK
  5
341
330
33F
100
AcDbEntity
  8
0
100
AcDbBlockEnd
  0
BLOCK
  5
34D
330
34C
100
AcDbEntity
  8
0
100
AcDbBlockBegin
  2
*D46
 70
     1
 10
0.0
 20
0.0
 30
0.0
  3
*D46
  1

  0
LINE
  5
4E7
330
34C
100
AcDbEntity
  8
FD_Dimensions
 62
     0
440
 16777216
370
    -2
100
AcDbLine
 10
11.671745
 20
13.903348
 30
0.0
 11
11.671745
 21
13.543348
 31
0.0
  0
LINE
  5
4E8
330
34C
100
AcDbEntity
  8
FD_Dimensions
 62
     0
440
 16777216
370
    -2
100
AcDbLine
 10
13.325288
 20
13.903348
 30
0.0
 11
13.325288
 21
13.543348
 31
0.0
  0
LINE
  5
4E9
330
34C
100
AcDbEntity
  8
FD_Dimensions
 62
     0
440
 16777216
370
    -2
100
AcDbLine
 10
11.791745
 20
13.613348
 30
0.0
 11
12.297862
 21
13.613348
 31
0.0
  0
LINE
  5
4EA
330
34C
100
AcDbEntity
  8
FD_Dimensions
 62
     0
440
 16777216
370
    -2
100
AcDbLine
 10
13.205288
 20
13.613348
 30
0.0
 11
12.699172
 21
13.613348
 31
0.0
  0
SOLID
  5
4EB
330
34C
100
AcDbEntity
  8
FD_Dimensions
 62
     0
440
 16777216
100
AcDbTrace
 10
11.791745
 20
13.633348
 30
0.0
 11
11.791745
 21
13.593348
 31
0.0
 12
11.671745
 22
13.613348
 32
0.0
 13
11.671745
 23
13.613348
 33
0.0
  0
SOLID
  5
4EC
330
34C
100
AcDbEntity
  8
FD_Dimensions
 62
     0
440
 16777216
100
AcDbTrace
 10
13.205288
 20
13.633348
 30
0.0
 11
13.205288
 21
13.593348
 31
0.0
 12
13.325288
 22
13.613348
 32
0.0
 13
13.325288
 23
13.613348
 33
0.0
  0
MTEXT
  5
4ED
330
34C
100
AcDbEntity
  8
FD_Dimensions
 62
     0
440
 16777216
100
AcDbMText
 10
12.498517
 20
13.613348
 30
0.0
 40
0.12
 41
0.0
 46
0.0
 71
     5
 72
     1
  1
\A1;1.65
 73
     1
 44
1.0
  0
POINT
  5
4EE
330
34C
100
AcDbEntity
  8
Defpoints
 62
     0
440
 16777216
100
AcDbPoint
 10
11.671745
 20
13.973348
 30
0.0
  0
POINT
  5
4EF
330
34C
100
AcDbEntity
  8
Defpoints
 62
     0
440
 16777216
100
AcDbPoint
 10
13.325288
 20
13.973348
 30
0.0
  0
POINT
  5
4F0
330
34C
100
AcDbEntity
  8
Defpoints
 62
     0
440
 16777216
100
AcDbPoint
 10
13.325288
 20
13.613348
 30
0.0
  0
ENDBLK
  5
34E
330
34C
100
AcDbEntity
  8
0
100
AcDbBlockEnd
  0
BLOCK
  5
35A
330
359
100
AcDbEntity
  8
0
100
AcDbBlockBegin
  2
*D47
 70
     1
 10
0.0
 20
0.0
 30
0.0
  3
*D47
  1

  0
LINE
  5
4F1
330
359
100
AcDbEntity
  8
FD_Dimensions
 62
     0
440
 16777216
370
    -2
100
AcDbLine
 10
12.498517
 20
16.179018
 30
0.0
 11
12.498517
 21
16.899018
 31
0.0
  0
LINE
  5
4F2
330
359
100
AcDbEntity
  8
FD_Dimensions
 62
     0
440
 16777216
370
    -2
100
AcDbLine
 10
21.585131
 20
16.179018
 30
0.0
 11
21.585131
 21
16.899018
 31
0.0
  0
LINE
  5
4F3
330
359
100
AcDbEntity
  8
FD_Dimensions
 62
     0
440
 16777216
370
    -2
100
AcDbLine
 10
12.618517
 20
16.829018
 30
0.0
 11
16.835848
 21
16.829018
 31
0.0
  0
LINE
  5
4F4
330
359
100
AcDbEntity
  8
FD_Dimensions
 62
     0
440
 16777216
370
    -2
100
AcDbLine
 10
21.465131
 20
16.829018
 30
0.0
 11
17.247799
 21
16.829018
 31
0.0
  0
SOLID
  5
4F5
330
359
100
AcDbEntity
  8
FD_Dimensions
 62
     0
440
 16777216
100
AcDbTrace
 10
12.618517
 20
16.849018
 30
0.0
 11
12.618517
 21
16.809018
 31
0.0
 12
12.498517
 22
16.829018
 32
0.0
 13
12.498517
 23
16.829018
 33
0.0
  0
SOLID
  5
4F6
330
359
100
AcDbEntity
  8
FD_Dimensions
 62
     0
440
 16777216
100
AcDbTrace
 10
21.465131
 20
16.849018
 30
0.0
 11
21.465131
 21
16.809018
 31
0.0
 12
21.585131
 22
16.829018
 32
0.0
 13
21.585131
 23
16.829018
 33
0.0
  0
MTEXT
  5
4F7
330
359
100
AcDbEntity
  8
FD_Dimensions
 62
     0
440
 16777216
100
AcDbMText
 10
17.041824
 20
16.829018
 30
0.0
 40
0.12
 41
0.0
 46
0.0
 71
     5
 72
     1
  1
\A1;9.09
 73
     1
 44
1.0
  0
POINT
  5
4F8
330
359
100
AcDbEntity
  8
Defpoints
 62
     0
440
 16777216
100
AcDbPoint
 10
12.498517
 20
16.109018
 30
0.0
  0
POINT
  5
4F9
330
359
100
AcDbEntity
  8
Defpoints
 62
     0
440
 16777216
100
AcDbPoint
 10
21.585131
 20
16.109018
 30
0.0
  0
POINT
  5
4FA
330
359
100
AcDbEntity
  8
Defpoints
 62
     0
440
 16777216
100
AcDbPoint
 10
21.585131
 20
16.829018
 30
0.0
  0
ENDBLK
  5
35B
330
359
100
AcDbEntity
  8
0
100
AcDbBlockEnd
  0
BLOCK
  5
367
330
366
100
AcDbEntity
  8
0
100
AcDbBlockBegin
  2
*D48
 70
     1
 10
0.0
 20
0.0
 30
0.0
  3
*D48
  1

  0
LINE
  5
4FB
330
366
100
AcDbEntity
  8
FD_Dimensions
 62
     0
440
 16777216
370
    -2
100
AcDbLine
 10
12.081194
 20
9.923112
 30
0.0
 11
12.081194
 21
10.097728
 31
0.0
  0
LINE
  5
4FC
330
366
100
AcDbEntity
  8
FD_Dimensions
 62
     0
440
 16777216
370
    -2
100
AcDbLine
 10
12.789855
 20
10.094293
 30
0.0
 11
12.789855
 21
9.957728
 31
0.0
  0
LINE
  5
4FD
330
366
100
AcDbEntity
  8
FD_Dimensions
 62
     0
440
 16777216
370
    -2
100
AcDbLine
 10
12.201194
 20
10.027728
 30
0.0
 11
12.292005
 21
10.027728
 31
0.0
  0
LINE
  5
4FE
330
366
100
AcDbEntity
  8
FD_Dimensions
 62
     0
440
 16777216
370
    -2
100
AcDbLine
 10
12.669855
 20
10.027728
 30
0.0
 11
12.579044
 21
10.027728
 31
0.0
  0
SOLID
  5
4FF
330
366
100
AcDbEntity
  8
FD_Dimensions
 62
     0
440
 16777216
100
AcDbTrace
 10
12.201194
 20
10.047728
 30
0.0
 11
12.201194
 21
10.007728
 31
0.0
 12
12.081194
 22
10.027728
 32
0.0
 13
12.081194
 23
10.027728
 33
0.0
  0
SOLID
  5
500
330
366
100
AcDbEntity
  8
FD_Dimensions
 62
     0
440
 16777216
100
AcDbTrace
 10
12.669855
 20
10.047728
 30
0.0
 11
12.669855
 21
10.007728
 31
0.0
 12
12.789855
 22
10.027728
 32
0.0
 13
12.789855
 23
10.027728
 33
0.0
  0
MTEXT
  5
501
330
366
100
AcDbEntity
  8
FD_Dimensions
 62
     0
440
 16777216
100
AcDbMText
 10
12.435525
 20
10.027728
 30
0.0
 40
0.12
 41
0.0
 46
0.0
 71
     5
 72
     1
  1
\A1;.71
 73
     1
 44
1.0
  0
POINT
  5
502
330
366
100
AcDbEntity
  8
Defpoints
 62
     0
440
 16777216
100
AcDbPoint
 10
12.081194
 20
9.853112
 30
0.0
  0
POINT
  5
503
330
366
100
AcDbEntity
  8
Defpoints
 62
     0
440
 16777216
100
AcDbPoint
 10
12.789855
 20
10.164293
 30
0.0
  0
POINT
  5
504
330
366
100
AcDbEntity
  8
Defpoints
 62
     0
440
 16777216
100
AcDbPoint
 10
12.789855
 20
10.027728
 30
0.0
  0
ENDBLK
  5
368
330
366
100
AcDbEntity
  8
0
100
AcDbBlockEnd
  0
ENDSEC
  0
SECTION
  2
ENTITIES
  0
INSERT
  5
E7
330
70
100
AcDbEntity
  8
Border
100
AcDbBlockReference
  2
ANSI_D_SHEET
 10
0.0
 20
0.0
 30
0.0
  0
INSERT
  5
131
330
70
100
AcDbEntity
  8
Titleblock
100
AcDbBlockReference
 66
     1
  2
ANSI_TITLEBLOCK
 10
33.0
 20
0.5
 30
0.0
  0
ATTRIB
  5
174
330
131
100
AcDbEntity
  8
Titleblock
100
AcDbText
 10
31.85
 20
0.565
 30
0.0
 40
0.12
  1
1/1
  7
FusionTitle
 11
31.85
 21
0.625
 31
0.0
100
AcDbAttribute
280
     0
  2
SHEET
 70
     0
 74
     2
280
     1
  0
ATTRIB
  5
175
330
131
100
AcDbEntity
  8
Titleblock
100
AcDbText
 10
29.9
 20
0.565
 30
0.0
 40
0.12
  1

  7
FusionTitle
 11
29.9
 21
0.625
 31
0.0
100
AcDbAttribute
280
     0
  2
WEIGHT
 70
     0
 74
     2
280
     1
  0
ATTRIB
  5
176
330
131
100
AcDbEntity
  8
Titleblock
100
AcDbText
 10
28.48
 20
0.565
 30
0.0
 40
0.12
  1
1:1
  7
FusionTitle
 11
28.48
 21
0.625
 31
0.0
100
AcDbAttribute
280
     0
  2
SCALE
 70
     0
 74
     2
280
     1
  0
ATTRIB
  5
177
330
131
100
AcDbEntity
  8
Titleblock
100
AcDbText
 10
27.441596
 20
0.575
 30
0.0
 40
0.1
  1
7/3/26
  7
FusionTitle
 72
     2
 11
27.83
 21
0.625
 31
0.0
100
AcDbAttribute
280
     0
  2
DRAWN_DATE
 70
     0
 74
     2
280
     1
  0
ATTRIB
  5
178
330
131
100
AcDbEntity
  8
Titleblock
100
AcDbText
 10
26.148793
 20
0.575
 30
0.0
 40
0.1
  1
Jeremy Cook
  7
FusionTitle
 11
26.148793
 21
0.625
 31
0.0
100
AcDbAttribute
280
     0
  2
DRAWN_BY
 70
     0
 74
     2
280
     1
  0
ATTRIB
  5
179
330
131
100
AcDbEntity
  8
Titleblock
100
AcDbText
 10
29.55
 20
0.835525
 30
0.0
 40
0.12
  1

  7
FusionTitle
 11
29.55
 21
0.8
 31
0.0
100
AcDbAttribute
280
     0
  2
DWG_NO
 70
     0
 74
     1
280
     1
  0
ATTRIB
  5
17A
330
131
100
AcDbEntity
  8
Titleblock
100
AcDbText
 10
27.83
 20
0.825
 30
0.0
 40
0.1
  1

  7
FusionTitle
 72
     2
 11
27.83
 21
0.875
 31
0.0
100
AcDbAttribute
280
     0
  2
CHECKED_DATE
 70
     0
 74
     2
280
     1
  0
ATTRIB
  5
17B
330
131
100
AcDbEntity
  8
Titleblock
100
AcDbText
 10
26.148793
 20
0.825
 30
0.0
 40
0.1
  1

  7
FusionTitle
 11
26.148793
 21
0.875
 31
0.0
100
AcDbAttribute
280
     0
  2
CHECKED_BY
 70
     0
 74
     2
280
     1
  0
ATTRIB
  5
17C
330
131
100
AcDbEntity
  8
Titleblock
100
AcDbText
 10
28.004468
 20
0.835525
 30
0.0
 40
0.12
  1
D
  7
FusionTitle
 72
     1
 11
28.065
 21
0.8
 31
0.0
100
AcDbAttribute
280
     0
  2
SIZE
 70
     0
 74
     1
280
     1
  0
ATTRIB
  5
17D
330
131
100
AcDbEntity
  8
Titleblock
100
AcDbText
 10
32.75
 20
0.835525
 30
0.0
 40
0.12
  1

  7
FusionTitle
 72
     1
 11
32.75
 21
0.8
 31
0.0
100
AcDbAttribute
280
     0
  2
REV
 70
     0
 74
     1
280
     1
  0
ATTRIB
  5
17E
330
131
100
AcDbEntity
  8
Titleblock
100
AcDbText
 10
28.875
 20
0.835525
 30
0.0
 40
0.12
  1

  7
FusionTitle
 72
     1
 11
28.875
 21
0.8
 31
0.0
100
AcDbAttribute
280
     0
  2
CODE
 70
     0
 74
     1
280
     1
  0
ATTRIB
  5
17F
330
131
100
AcDbEntity
  8
Titleblock
100
AcDbText
 10
27.83
 20
1.075
 30
0.0
 40
0.1
  1

  7
FusionTitle
 72
     2
 11
27.83
 21
1.125
 31
0.0
100
AcDbAttribute
280
     0
  2
APPROVED_DATE
 70
     0
 74
     2
280
     1
  0
ATTRIB
  5
180
330
131
100
AcDbEntity
  8
Titleblock
100
AcDbText
 10
26.148793
 20
1.075
 30
0.0
 40
0.1
  1

  7
FusionTitle
 11
26.148793
 21
1.125
 31
0.0
100
AcDbAttribute
280
     0
  2
APPROVED_BY
 70
     0
 74
     2
280
     1
  0
ATTRIB
  5
181
330
131
100
AcDbEntity
  8
Titleblock
100
AcDbText
 10
27.93
 20
2.48
 30
0.0
 40
0.24
  1
SparkFun Synth
  7
FusionTitle
 11
27.93
 21
2.72
 31
0.0
100
AcDbAttribute
280
     0
  2
PROJECT_FOLDER
 70
     0
 74
     3
280
     1
1001
FUSIONTITLEBLOCKATTRIBUTEOVERRIDE
1070
     1
  0
ATTRIB
  5
182
330
131
100
AcDbEntity
  8
Titleblock
100
AcDbText
 10
27.93
 20
1.33
 30
0.0
 40
0.12
  1

  7
FusionTitle
 11
27.93
 21
1.45
 31
0.0
100
AcDbAttribute
280
     0
  2
TITLE_3
 70
     0
 74
     3
280
     1
  0
ATTRIB
  5
183
330
131
100
AcDbEntity
  8
Titleblock
100
AcDbText
 10
27.93
 20
1.55
 30
0.0
 40
0.24
  1

  7
FusionTitle
 11
27.93
 21
1.79
 31
0.0
100
AcDbAttribute
280
     0
  2
TITLE_2
 70
     0
 74
     3
280
     1
  0
ATTRIB
  5
184
330
131
100
AcDbEntity
  8
Titleblock
100
AcDbText
 10
27.93
 20
1.89
 30
0.0
 40
0.24
  1
SparkFun-synth
  7
FusionTitle
 11
27.93
 21
2.13
 31
0.0
100
AcDbAttribute
280
     0
  2
TITLE_1
 70
     0
 74
     3
280
     1
  0
SEQEND
  5
185
330
131
100
AcDbEntity
  8
Titleblock
  0
INSERT
  5
186
330
70
100
AcDbEntity
  8
Smart Centers
 48
0.75
100
AcDbBlockReference
  2
*U4
 10
13.325288
 20
15.815789
 30
0.0
  0
INSERT
  5
191
330
70
100
AcDbEntity
  8
Smart Centers
 48
0.75
100
AcDbBlockReference
  2
*U5
 10
22.411903
 20
14.162246
 30
0.0
  0
INSERT
  5
19B
330
70
100
AcDbEntity
  8
Smart Centers
 48
0.75
100
AcDbBlockReference
  2
*U6
 10
20.758359
 20
14.162246
 30
0.0
  0
INSERT
  5
1A5
330
70
100
AcDbEntity
  8
Smart Centers
 48
0.75
100
AcDbBlockReference
  2
*U7
 10
11.671745
 20
15.815789
 30
0.0
  0
INSERT
  5
1AF
330
70
100
AcDbEntity
  8
Smart Centers
 48
0.75
100
AcDbBlockReference
  2
*U8
 10
13.325288
 20
14.162246
 30
0.0
  0
INSERT
  5
1B9
330
70
100
AcDbEntity
  8
Smart Centers
 48
0.75
100
AcDbBlockReference
  2
*U9
 10
22.411903
 20
15.815789
 30
0.0
  0
INSERT
  5
1C3
330
70
100
AcDbEntity
  8
Smart Centers
 48
0.75
100
AcDbBlockReference
  2
*U10
 10
20.758359
 20
15.815789
 30
0.0
  0
INSERT
  5
1CD
330
70
100
AcDbEntity
  8
Smart Centers
 48
0.75
100
AcDbBlockReference
  2
*U11
 10
11.671745
 20
14.162246
 30
0.0
  0
INSERT
  5
1D7
330
70
100
AcDbEntity
  8
Smart Centers
 48
0.75
100
AcDbBlockReference
  2
*U12
 10
12.789855
 20
10.835474
 30
0.0
  0
INSERT
  5
1E1
330
70
100
AcDbEntity
  8
Smart Centers
 48
0.75
100
AcDbBlockReference
  2
*U13
 10
14.91584
 20
9.181931
 30
0.0
  0
INSERT
  5
1EB
330
70
100
AcDbEntity
  8
Smart Centers
 48
0.75
100
AcDbBlockReference
  2
*U14
 10
13.498517
 20
9.181931
 30
0.0
  0
INSERT
  5
1F5
330
70
100
AcDbEntity
  8
Smart Centers
 48
0.75
100
AcDbBlockReference
  2
*U15
 10
12.498517
 20
14.989018
 30
0.0
  0
INSERT
  5
1FF
330
70
100
AcDbEntity
  8
Smart Centers
 48
0.75
100
AcDbBlockReference
  2
*U16
 10
19.876469
 20
10.835474
 30
0.0
  0
INSERT
  5
209
330
70
100
AcDbEntity
  8
Smart Centers
 48
0.75
100
AcDbBlockReference
  2
*U17
 10
13.498517
 20
12.489018
 30
0.0
  0
INSERT
  5
213
330
70
100
AcDbEntity
  8
Smart Centers
 48
0.75
100
AcDbBlockReference
  2
*U18
 10
21.585131
 20
14.989018
 30
0.0
  0
INSERT
  5
21D
330
70
100
AcDbEntity
  8
Smart Centers
 48
0.75
100
AcDbBlockReference
  2
*U19
 10
16.333162
 20
12.489018
 30
0.0
  0
INSERT
  5
227
330
70
100
AcDbEntity
  8
Smart Centers
 48
0.75
100
AcDbBlockReference
  2
*U20
 10
20.585131
 20
12.489018
 30
0.0
  0
INSERT
  5
231
330
70
100
AcDbEntity
  8
Smart Centers
 48
0.75
100
AcDbBlockReference
  2
*U21
 10
22.002454
 20
9.181931
 30
0.0
  0
INSERT
  5
23B
330
70
100
AcDbEntity
  8
Smart Centers
 48
0.75
100
AcDbBlockReference
  2
*U22
 10
20.585131
 20
9.181931
 30
0.0
  0
INSERT
  5
245
330
70
100
AcDbEntity
  8
Smart Centers
 48
0.75
100
AcDbBlockReference
  2
*U23
 10
14.207178
 20
10.835474
 30
0.0
  0
INSERT
  5
24F
330
70
100
AcDbEntity
  8
Smart Centers
 48
0.75
100
AcDbBlockReference
  2
*U24
 10
12.081194
 20
9.181931
 30
0.0
  0
INSERT
  5
259
330
70
100
AcDbEntity
  8
Smart Centers
 48
0.75
100
AcDbBlockReference
  2
*U25
 10
16.333162
 20
9.181931
 30
0.0
  0
INSERT
  5
263
330
70
100
AcDbEntity
  8
Smart Centers
 48
0.75
100
AcDbBlockReference
  2
*U26
 10
17.750485
 20
12.489018
 30
0.0
  0
INSERT
  5
26D
330
70
100
AcDbEntity
  8
Smart Centers
 48
0.75
100
AcDbBlockReference
  2
*U27
 10
14.91584
 20
12.489018
 30
0.0
  0
INSERT
  5
277
330
70
100
AcDbEntity
  8
Smart Centers
 48
0.75
100
AcDbBlockReference
  2
*U28
 10
17.041824
 20
10.835474
 30
0.0
  0
INSERT
  5
281
330
70
100
AcDbEntity
  8
Smart Centers
 48
0.75
100
AcDbBlockReference
  2
*U29
 10
17.750485
 20
9.181931
 30
0.0
  0
INSERT
  5
28B
330
70
100
AcDbEntity
  8
Smart Centers
 48
0.75
100
AcDbBlockReference
  2
*U30
 10
18.459147
 20
10.835474
 30
0.0
  0
INSERT
  5
295
330
70
100
AcDbEntity
  8
Smart Centers
 48
0.75
100
AcDbBlockReference
  2
*U31
 10
19.167808
 20
9.181931
 30
0.0
  0
INSERT
  5
29F
330
70
100
AcDbEntity
  8
Smart Centers
 48
0.75
100
AcDbBlockReference
  2
*U32
 10
19.167808
 20
12.489018
 30
0.0
  0
DIMENSION
  5
2A9
330
70
100
AcDbEntity
  8
FD_Dimensions
100
AcDbDimension
280
     0
  2
*D41
 10
10.535725
 20
10.835474
 30
0.0
 11
10.535725
 21
10.008703
 31
0.0
 70
    32
 71
     5
 42
1.653543
 73
     0
 74
     0
 75
     0
  3
Dim-Standard
100
AcDbAlignedDimension
 13
11.410013
 23
9.181931
 33
0.0
 14
12.118674
 24
10.835474
 34
0.0
 50
90.0
100
AcDbRotatedDimension
1001
ACAD_DIMASSOC_CALC_DIMLFAC
1040
-1.0
1001
ACAD_DIMASSOC_DIMLFAC
1040
-1.0
1001
ACAD_DIMASSOC_OVERRIDDEN_DIMLFAC
1040
0.0
1001
ACAD_TC
1000
DSTYLE_TC
1002
{
1070
   176
1004
18000000020000008C8C8CC2000000000000000000000000
1070
   177
1004
18000000020000008C8C8CC2000000000000000000000000
1002
}
1001
ACAD_DSTYLE_DIMJAG_POSITION
1070
   387
1070
     0
1070
   389
1010
0.0
1020
0.0
1030
0.0
1001
ACAD
1000
DSTYLE
1002
{
1070
   144
1040
1.0
1070
   176
1070
     0
1070
   177
1070
     0
1002
}
  0
DIMENSION
  5
2B8
330
70
100
AcDbEntity
  8
FD_Dimensions
100
AcDbDimension
280
     0
  2
*D42
 10
13.498517
 20
7.75752
 30
0.0
 11
12.789855
 21
7.75752
 31
0.0
 70
    32
 71
     5
 42
1.417323
 73
     0
 74
     0
 75
     0
  3
Dim-Standard
100
AcDbAlignedDimension
 13
12.081194
 23
8.51075
 33
0.0
 14
13.498517
 24
8.51075
 34
0.0
 50
180.0
100
AcDbRotatedDimension
1001
ACAD_DIMASSOC_CALC_DIMLFAC
1040
-1.0
1001
ACAD_DIMASSOC_DIMLFAC
1040
-1.0
1001
ACAD_DIMASSOC_OVERRIDDEN_DIMLFAC
1040
0.0
1001
ACAD_TC
1000
DSTYLE_TC
1002
{
1070
   176
1004
18000000020000008C8C8CC2000000000000000000000000
1070
   177
1004
18000000020000008C8C8CC2000000000000000000000000
1002
}
1001
ACAD_DSTYLE_DIMJAG_POSITION
1070
   387
1070
     0
1070
   389
1010
0.0
1020
0.0
1030
0.0
1001
ACAD
1000
DSTYLE
1002
{
1070
   144
1040
1.0
1070
   176
1070
     0
1070
   177
1070
     0
1002
}
  0
DIMENSION
  5
2C6
330
70
100
AcDbEntity
  8
FD_Dimensions
100
AcDbDimension
280
     0
  2
*D43
 10
13.928445
 20
12.833927
 30
0.0
 11
12.41192
 21
11.884392
 31
0.0
 70
   163
 71
     5
 42
1.102362
 73
     0
 74
     0
 75
     0
  3
Dim-Standard
100
AcDbDiametricDimension
 15
13.068589
 25
12.144108
 35
0.0
 40
0.0
1001
ACAD_DIMASSOC_CALC_DIMLFAC
1040
-1.0
1001
ACAD_DIMASSOC_DIMLFAC
1040
-1.0
1001
ACAD_DIMASSOC_OVERRIDDEN_DIMLFAC
1040
0.0
1001
ACAD_DSTYLE_DIMJAG_POSITION
1070
   387
1070
     0
1070
   389
1010
0.0
1020
0.0
1030
0.0
1001
ACAD_DSTYLE_DIMRADIAL_EXTENSION
1070
   387
1070
     1
1070
   388
1040
0.0
1070
   390
1040
0.0
1001
ACAD
1000
DSTYLE
1002
{
1070
    78
1070
     8
1070
   144
1040
1.0
1070
   272
1070
     3
1070
   284
1070
     8
1002
}
  0
DIMENSION
  5
2D0
330
70
100
AcDbEntity
  8
FD_Dimensions
100
AcDbDimension
280
     0
  2
*D44
 10
13.373435
 20
14.504748
 30
0.0
 11
11.13962
 21
15.589513
 31
0.0
 70
   163
 71
     5
 42
2.0
 73
     0
 74
     0
 75
     0
  3
Dim-Standard
100
AcDbDiametricDimension
 15
11.623598
 25
15.473288
 35
0.0
 40
0.0
1001
ACAD_DIMASSOC_CALC_DIMLFAC
1040
-1.0
1001
ACAD_DIMASSOC_DIMLFAC
1040
-1.0
1001
ACAD_DIMASSOC_OVERRIDDEN_DIMLFAC
1040
0.0
1001
ACAD_TC
1000
DSTYLE_TC
1002
{
1070
   176
1004
18000000020000008C8C8CC2000000000000000000000000
1070
   177
1004
18000000020000008C8C8CC2000000000000000000000000
1002
}
1001
ACAD_DSTYLE_DIMJAG_POSITION
1070
   387
1070
     0
1070
   389
1010
0.0
1020
0.0
1030
0.0
1001
ACAD_DSTYLE_DIMRADIAL_EXTENSION
1070
   387
1070
     1
1070
   388
1040
0.0
1070
   390
1040
0.0
1001
ACAD
1000
DSTYLE
1002
{
1070
   144
1040
1.0
1070
   176
1070
     0
1070
   177
1070
     0
1002
}
  0
DIMENSION
  5
2DA
330
70
100
AcDbEntity
  8
FD_Dimensions
100
AcDbDimension
280
     0
  2
*D45
 10
13.874186
 20
14.162246
 30
0.0
 11
13.874186
 21
14.989018
 31
0.0
 70
    33
 71
     5
 42
1.653543
 73
     0
 74
     0
 75
     0
  3
Dim-Standard
100
AcDbAlignedDimension
 13
13.514186
 23
15.815789
 33
0.0
 14
13.514186
 24
14.162246
 34
0.0
1001
ACAD_DIMASSOC_CALC_DIMLFAC
1040
-1.0
1001
ACAD_DIMASSOC_DIMLFAC
1040
-1.0
1001
ACAD_DIMASSOC_OVERRIDDEN_DIMLFAC
1040
0.0
1001
ACAD_TC
1000
DSTYLE_TC
1002
{
1070
   177
1004
18000000020000008C8C8CC2000000000000000000000000
1070
   176
1004
18000000020000008C8C8CC2000000000000000000000000
1002
}
1001
ACAD_DSTYLE_DIMJAG_POSITION
1070
   387
1070
     0
1070
   389
1010
0.0
1020
0.0
1030
0.0
1001
ACAD
1000
DSTYLE
1002
{
1070
   177
1070
     0
1070
   176
1070
     0
1070
   144
1040
1.0
1002
}
  0
DIMENSION
  5
2E8
330
70
100
AcDbEntity
  8
FD_Dimensions
100
AcDbDimension
280
     0
  2
*D46
 10
13.325288
 20
13.613348
 30
0.0
 11
12.498517
 21
13.613348
 31
0.0
 70
    33
 71
     5
 42
1.653543
 73
     0
 74
     0
 75
     0
  3
Dim-Standard
100
AcDbAlignedDimension
 13
11.671745
 23
13.973348
 33
0.0
 14
13.325288
 24
13.973348
 34
0.0
1001
ACAD_DIMASSOC_CALC_DIMLFAC
1040
-1.0
1001
ACAD_DIMASSOC_DIMLFAC
1040
-1.0
1001
ACAD_DIMASSOC_OVERRIDDEN_DIMLFAC
1040
0.0
1001
ACAD_TC
1000
DSTYLE_TC
1002
{
1070
   177
1004
18000000020000008C8C8CC2000000000000000000000000
1070
   176
1004
18000000020000008C8C8CC2000000000000000000000000
1002
}
1001
ACAD_DSTYLE_DIMJAG_POSITION
1070
   387
1070
     0
1070
   389
1010
0.0
1020
0.0
1030
0.0
1001
ACAD
1000
DSTYLE
1002
{
1070
   177
1070
     0
1070
   176
1070
     0
1070
   144
1040
1.0
1002
}
  0
DIMENSION
  5
2F6
330
70
100
AcDbEntity
  8
FD_Dimensions
100
AcDbDimension
280
     0
  2
*D47
 10
21.585131
 20
16.829018
 30
0.0
 11
17.041824
 21
16.829018
 31
0.0
 70
    33
 71
     5
 42
9.086614
 73
     0
 74
     0
 75
     0
  3
Dim-Standard
100
AcDbAlignedDimension
 13
12.498517
 23
16.109018
 33
0.0
 14
21.585131
 24
16.109018
 34
0.0
1001
ACAD_DIMASSOC_CALC_DIMLFAC
1040
-1.0
1001
ACAD_DIMASSOC_DIMLFAC
1040
-1.0
1001
ACAD_DIMASSOC_OVERRIDDEN_DIMLFAC
1040
0.0
1001
ACAD_TC
1000
DSTYLE_TC
1002
{
1070
   176
1004
18000000020000008C8C8CC2000000000000000000000000
1070
   177
1004
18000000020000008C8C8CC2000000000000000000000000
1002
}
1001
ACAD_DSTYLE_DIMJAG_POSITION
1070
   387
1070
     0
1070
   389
1010
0.0
1020
0.0
1030
0.0
1001
ACAD
1000
DSTYLE
1002
{
1070
   144
1040
1.0
1070
   176
1070
     0
1070
   177
1070
     0
1002
}
  0
DIMENSION
  5
304
330
70
100
AcDbEntity
  8
FD_Dimensions
100
AcDbDimension
280
     0
  2
*D48
 10
12.789855
 20
10.027728
 30
0.0
 11
12.435525
 21
10.027728
 31
0.0
 70
    32
 71
     5
 42
0.708661
 73
     0
 74
     0
 75
     0
  3
Dim-Standard
100
AcDbAlignedDimension
 13
12.081194
 23
9.853112
 33
0.0
 14
12.789855
 24
10.164293
 34
0.0
 50
180.0
100
AcDbRotatedDimension
1001
ACAD_DIMASSOC_CALC_DIMLFAC
1040
-1.0
1001
ACAD_DIMASSOC_DIMLFAC
1040
-1.0
1001
ACAD_DIMASSOC_OVERRIDDEN_DIMLFAC
1040
0.0
1001
ACAD_TC
1000
DSTYLE_TC
1002
{
1070
   176
1004
18000000020000008C8C8CC2000000000000000000000000
1070
   177
1004
18000000020000008C8C8CC2000000000000000000000000
1002
}
1001
ACAD_DSTYLE_DIMJAG_POSITION
1070
   387
1070
     0
1070
   389
1010
0.0
1020
0.0
1030
0.0
1001
ACAD
1000
DSTYLE
1002
{
1070
   144
1040
1.0
1070
   176
1070
     0
1070
   177
1070
     0
1002
}
  0
CIRCLE
  5
44C
330
70
100
AcDbEntity
  8
Visible
100
AcDbCircle
 10
-13.325288
 20
15.815789
 30
0.0
 40
0.0688976377952755
210
0.0
220
0.0
230
-1.0
  0
CIRCLE
  5
44D
330
70
100
AcDbEntity
  8
Visible
100
AcDbCircle
 10
-22.411903
 20
14.162246
 30
0.0
 40
0.0688976377952759
210
0.0
220
0.0
230
-1.0
  0
CIRCLE
  5
44E
330
70
100
AcDbEntity
  8
Visible
100
AcDbCircle
 10
-20.758359
 20
14.162246
 30
0.0
 40
0.0688976377952759
210
0.0
220
0.0
230
-1.0
  0
CIRCLE
  5
44F
330
70
100
AcDbEntity
  8
Visible
100
AcDbCircle
 10
-11.671745
 20
15.815789
 30
0.0
 40
0.0688976377952756
210
0.0
220
0.0
230
-1.0
  0
CIRCLE
  5
450
330
70
100
AcDbEntity
  8
Visible
100
AcDbCircle
 10
-13.325288
 20
14.162246
 30
0.0
 40
0.0688976377952755
210
0.0
220
0.0
230
-1.0
  0
CIRCLE
  5
451
330
70
100
AcDbEntity
  8
Visible
100
AcDbCircle
 10
-22.411903
 20
15.815789
 30
0.0
 40
0.0688976377952759
210
0.0
220
0.0
230
-1.0
  0
CIRCLE
  5
452
330
70
100
AcDbEntity
  8
Visible
100
AcDbCircle
 10
-20.758359
 20
15.815789
 30
0.0
 40
0.0688976377952759
210
0.0
220
0.0
230
-1.0
  0
CIRCLE
  5
453
330
70
100
AcDbEntity
  8
Visible
100
AcDbCircle
 10
-11.671745
 20
14.162246
 30
0.0
 40
0.0688976377952756
210
0.0
220
0.0
230
-1.0
  0
ARC
  5
454
330
70
100
AcDbEntity
  8
Visible
100
AcDbCircle
 10
-9.435525
 20
6.275632
 30
0.0
 40
0.3937007874015747
210
0.0
220
0.0
230
-1.0
100
AcDbArc
 50
270.0
 51
0.0
  0
LINE
  5
455
330
70
100
AcDbEntity
  8
Visible
100
AcDbLine
 10
9.435525
 20
5.881931
 30
0.0
 11
24.648123
 21
5.881931
 31
0.0
  0
ARC
  5
456
330
70
100
AcDbEntity
  8
Visible
100
AcDbCircle
 10
-24.648123
 20
6.275632
 30
0.0
 40
0.3937007874015747
210
0.0
220
0.0
230
-1.0
100
AcDbArc
 50
180.0
 51
270.0
  0
LINE
  5
457
330
70
100
AcDbEntity
  8
Visible
100
AcDbLine
 10
25.041824
 20
6.275632
 30
0.0
 11
25.041824
 21
18.28823
 31
0.0
  0
ARC
  5
458
330
70
100
AcDbEntity
  8
Visible
100
AcDbCircle
 10
-9.435525
 20
18.28823
 30
0.0
 40
0.3937007874015748
210
0.0
220
0.0
230
-1.0
100
AcDbArc
 50
0.0
 51
90.0
  0
LINE
  5
459
330
70
100
AcDbEntity
  8
Visible
100
AcDbLine
 10
24.648123
 20
18.681931
 30
0.0
 11
9.435525
 21
18.681931
 31
0.0
  0
ARC
  5
45A
330
70
100
AcDbEntity
  8
Visible
100
AcDbCircle
 10
-24.648123
 20
18.28823
 30
0.0
 40
0.3937007874015747
210
0.0
220
0.0
230
-1.0
100
AcDbArc
 50
90.0
 51
180.0
  0
CIRCLE
  5
45B
330
70
100
AcDbEntity
  8
Visible
100
AcDbCircle
 10
-19.167808
 20
12.489018
 30
0.0
 40
0.5511811023622041
210
0.0
220
0.0
230
-1.0
  0
CIRCLE
  5
45C
330
70
100
AcDbEntity
  8
Visible
100
AcDbCircle
 10
-19.167808
 20
9.181931
 30
0.0
 40
0.5511811023622041
210
0.0
220
0.0
230
-1.0
  0
CIRCLE
  5
45D
330
70
100
AcDbEntity
  8
Visible
100
AcDbCircle
 10
-18.459147
 20
10.835474
 30
0.0
 40
0.5511811023622041
210
0.0
220
0.0
230
-1.0
  0
CIRCLE
  5
45E
330
70
100
AcDbEntity
  8
Visible
100
AcDbCircle
 10
-17.750485
 20
9.181931
 30
0.0
 40
0.5511811023622048
210
0.0
220
0.0
230
-1.0
  0
CIRCLE
  5
45F
330
70
100
AcDbEntity
  8
Visible
100
AcDbCircle
 10
-17.041824
 20
10.835474
 30
0.0
 40
0.5511811023622048
210
0.0
220
0.0
230
-1.0
  0
CIRCLE
  5
460
330
70
100
AcDbEntity
  8
Visible
100
AcDbCircle
 10
-14.91584
 20
12.489018
 30
0.0
 40
0.5511811023622046
210
0.0
220
0.0
230
-1.0
  0
CIRCLE
  5
461
330
70
100
AcDbEntity
  8
Visible
100
AcDbCircle
 10
-17.750485
 20
12.489018
 30
0.0
 40
0.5511811023622048
210
0.0
220
0.0
230
-1.0
  0
CIRCLE
  5
462
330
70
100
AcDbEntity
  8
Visible
100
AcDbCircle
 10
-16.333162
 20
9.181931
 30
0.0
 40
0.5511811023622048
210
0.0
220
0.0
230
-1.0
  0
CIRCLE
  5
463
330
70
100
AcDbEntity
  8
Visible
100
AcDbCircle
 10
-12.081194
 20
9.181931
 30
0.0
 40
0.5511811023622047
210
0.0
220
0.0
230
-1.0
  0
CIRCLE
  5
464
330
70
100
AcDbEntity
  8
Visible
100
AcDbCircle
 10
-14.207178
 20
10.835474
 30
0.0
 40
0.5511811023622048
210
0.0
220
0.0
230
-1.0
  0
CIRCLE
  5
465
330
70
100
AcDbEntity
  8
Visible
100
AcDbCircle
 10
-20.585131
 20
9.181931
 30
0.0
 40
0.5511811023622041
210
0.0
220
0.0
230
-1.0
  0
CIRCLE
  5
466
330
70
100
AcDbEntity
  8
Visible
100
AcDbCircle
 10
-22.002454
 20
9.181931
 30
0.0
 40
0.5511811023622041
210
0.0
220
0.0
230
-1.0
  0
CIRCLE
  5
467
330
70
100
AcDbEntity
  8
Visible
100
AcDbCircle
 10
-20.585131
 20
12.489018
 30
0.0
 40
0.5511811023622041
210
0.0
220
0.0
230
-1.0
  0
CIRCLE
  5
468
330
70
100
AcDbEntity
  8
Visible
100
AcDbCircle
 10
-16.333162
 20
12.489018
 30
0.0
 40
0.5511811023622048
210
0.0
220
0.0
230
-1.0
  0
CIRCLE
  5
469
330
70
100
AcDbEntity
  8
Visible
100
AcDbCircle
 10
-21.585131
 20
14.989018
 30
0.0
 40
0.9999999999999996
210
0.0
220
0.0
230
-1.0
  0
CIRCLE
  5
46A
330
70
100
AcDbEntity
  8
Visible
100
AcDbCircle
 10
-13.498517
 20
12.489018
 30
0.0
 40
0.5511811023622047
210
0.0
220
0.0
230
-1.0
  0
CIRCLE
  5
46B
330
70
100
AcDbEntity
  8
Visible
100
AcDbCircle
 10
-19.876469
 20
10.835474
 30
0.0
 40
0.5511811023622041
210
0.0
220
0.0
230
-1.0
  0
CIRCLE
  5
46C
330
70
100
AcDbEntity
  8
Visible
100
AcDbCircle
 10
-12.498517
 20
14.989018
 30
0.0
 40
0.9999999999999996
210
0.0
220
0.0
230
-1.0
  0
CIRCLE
  5
46D
330
70
100
AcDbEntity
  8
Visible
100
AcDbCircle
 10
-13.498517
 20
9.181931
 30
0.0
 40
0.5511811023622047
210
0.0
220
0.0
230
-1.0
  0
CIRCLE
  5
46E
330
70
100
AcDbEntity
  8
Visible
100
AcDbCircle
 10
-14.91584
 20
9.181931
 30
0.0
 40
0.5511811023622046
210
0.0
220
0.0
230
-1.0
  0
CIRCLE
  5
46F
330
70
100
AcDbEntity
  8
Visible
100
AcDbCircle
 10
-12.789855
 20
10.835474
 30
0.0
 40
0.5511811023622048
210
0.0
220
0.0
230
-1.0
  0
LINE
  5
470
330
70
100
AcDbEntity
  8
Visible
100
AcDbLine
 10
24.441824
 20
7.181931
 30
0.0
 11
9.641824
 21
7.181931
 31
0.0
  0
LINE
  5
471
330
70
100
AcDbEntity
  8
Visible
100
AcDbLine
 10
24.441824
 20
17.381931
 30
0.0
 11
24.441824
 21
7.181931
 31
0.0
  0
LINE
  5
472
330
70
100
AcDbEntity
  8
Visible
100
AcDbLine
 10
9.641824
 20
17.381931
 30
0.0
 11
24.441824
 21
17.381931
 31
0.0
  0
LINE
  5
473
330
70
100
AcDbEntity
  8
Visible
100
AcDbLine
 10
9.641824
 20
7.181931
 30
0.0
 11
9.641824
 21
17.381931
 31
0.0
  0
LINE
  5
474
330
70
100
AcDbEntity
  8
Visible
100
AcDbLine
 10
9.041824
 20
18.28823
 30
0.0
 11
9.041824
 21
6.275632
 31
0.0
  0
ENDSEC
  0
SECTION
  2
OBJECTS
  0
DICTIONARY
  5
C
330
0
100
AcDbDictionary
281
     1
  3
ACAD_COLOR
350
63
  3
ACAD_DETAILVIEWSTYLE
350
6A
  3
ACAD_GROUP
350
D
  3
ACAD_LAYOUT
350
62
  3
ACAD_MATERIAL
350
10
  3
ACAD_MLEADERSTYLE
350
66
  3
ACAD_MLINESTYLE
350
5F
  3
ACAD_PLOTSETTINGS
350
61
  3
ACAD_PLOTSTYLENAME
350
E
  3
ACAD_SCALELIST
350
42
  3
ACAD_SECTIONVIEWSTYLE
350
68
  3
ACAD_TABLESTYLE
350
64
  3
ACAD_VISUALSTYLE
350
29
  3
ACDB_RECOMPOSE_DATA
350
50E
  3
AcDbVariableDictionary
350
505
  0
DICTIONARY
  5
B6
330
70
100
AcDbDictionary
280
     1
281
     1
  3
ACAD_SORTENTS
360
B7
  0
DICTIONARY
  5
EA
330
E9
100
AcDbDictionary
280
     1
281
     1
  0
DICTIONARY
  5
134
330
133
100
AcDbDictionary
280
     1
281
     1
  3
ACAD_SORTENTS
360
44B
  0
DICTIONARY
  5
152
330
151
100
AcDbDictionary
280
     1
281
     1
  0
DICTIONARY
  5
154
330
153
100
AcDbDictionary
280
     1
281
     1
  0
DICTIONARY
  5
156
330
155
100
AcDbDictionary
280
     1
281
     1
  0
DICTIONARY
  5
158
330
157
100
AcDbDictionary
280
     1
281
     1
  0
DICTIONARY
  5
15A
330
159
100
AcDbDictionary
280
     1
281
     1
  0
DICTIONARY
  5
15C
330
15B
100
AcDbDictionary
280
     1
281
     1
  0
DICTIONARY
  5
15E
330
15D
100
AcDbDictionary
280
     1
281
     1
  0
DICTIONARY
  5
160
330
15F
100
AcDbDictionary
280
     1
281
     1
  0
DICTIONARY
  5
162
330
161
100
AcDbDictionary
280
     1
281
     1
  0
DICTIONARY
  5
164
330
163
100
AcDbDictionary
280
     1
281
     1
  0
DICTIONARY
  5
166
330
165
100
AcDbDictionary
280
     1
281
     1
  0
DICTIONARY
  5
168
330
167
100
AcDbDictionary
280
     1
281
     1
  0
DICTIONARY
  5
16A
330
169
100
AcDbDictionary
280
     1
281
     1
  0
DICTIONARY
  5
16C
330
16B
100
AcDbDictionary
280
     1
281
     1
  0
DICTIONARY
  5
16E
330
16D
100
AcDbDictionary
280
     1
281
     1
  0
DICTIONARY
  5
170
330
16F
100
AcDbDictionary
280
     1
281
     1
  0
DICTIONARY
  5
172
330
171
100
AcDbDictionary
280
     1
281
     1
  0
DICTIONARY
  5
63
102
{ACAD_REACTORS
330
C
102
}
330
C
100
AcDbDictionary
281
     1
  0
DICTIONARY
  5
6A
102
{ACAD_REACTORS
330
C
102
}
330
C
100
AcDbDictionary
281
     1
  3
Imperial24
350
6B
  0
DICTIONARY
  5
D
102
{ACAD_REACTORS
330
C
102
}
330
C
100
AcDbDictionary
281
     1
  0
DICTIONARY
  5
62
102
{ACAD_REACTORS
330
C
102
}
330
C
100
AcDbDictionary
281
     1
  3
Model
350
73
  3
Sheet1
350
6F
  3
Sheet2
350
77
  0
DICTIONARY
  5
10
102
{ACAD_REACTORS
330
C
102
}
330
C
100
AcDbDictionary
281
     1
  3
ByBlock
350
19
  3
ByLayer
350
11
  3
Global
350
21
  0
DICTIONARY
  5
66
102
{ACAD_REACTORS
330
C
102
}
330
C
100
AcDbDictionary
281
     1
  3
Standard
350
67
  0
DICTIONARY
  5
5F
102
{ACAD_REACTORS
330
C
102
}
330
C
100
AcDbDictionary
281
     1
  3
Standard
350
60
  0
DICTIONARY
  5
61
102
{ACAD_REACTORS
330
C
102
}
330
C
100
AcDbDictionary
281
     1
  0
ACDBDICTIONARYWDFLT
  5
E
102
{ACAD_REACTORS
330
C
102
}
330
C
100
AcDbDictionary
281
     1
  3
Normal
350
F
100
AcDbDictionaryWithDefault
340
F
  0
DICTIONARY
  5
42
102
{ACAD_REACTORS
330
C
102
}
330
C
100
AcDbDictionary
281
     1
  3
*A1
350
A6
  3
*A10
350
AF
  3
*A11
350
B0
  3
*A12
350
B1
  3
*A13
350
B2
  3
*A14
350
B3
  3
*A15
350
B4
  3
*A16
350
B5
  3
*A2
350
A7
  3
*A3
350
A8
  3
*A4
350
A9
  3
*A5
350
AA
  3
*A6
350
AB
  3
*A7
350
AC
  3
*A8
350
AD
  3
*A9
350
AE
  3
A0
350
43
  3
A1
350
44
  3
A2
350
45
  3
A3
350
46
  3
A4
350
47
  3
A5
350
48
  3
A6
350
49
  3
A7
350
4A
  3
A8
350
4B
  3
A9
350
4C
  3
B0
350
4D
  3
B1
350
4E
  3
B2
350
4F
  3
B3
350
50
  3
B4
350
51
  3
B5
350
52
  3
B6
350
53
  0
DICTIONARY
  5
68
102
{ACAD_REACTORS
330
C
102
}
330
C
100
AcDbDictionary
281
     1
  3
Imperial24
350
69
  0
DICTIONARY
  5
64
102
{ACAD_REACTORS
330
C
102
}
330
C
100
AcDbDictionary
281
     1
  3
Standard
350
65
  0
DICTIONARY
  5
29
102
{ACAD_REACTORS
330
C
102
}
330
C
100
AcDbDictionary
281
     1
  3
2dWireframe
350
2F
  3
Basic
350
2E
  3
Brighten
350
35
  3
ColorChange
350
39
  3
Conceptual
350
32
  3
Dim
350
34
  3
EdgeColorOff
350
41
  3
Facepattern
350
38
  3
Flat
350
2A
  3
FlatWithEdges
350
2B
  3
Gouraud
350
2C
  3
GouraudWithEdges
350
2D
  3
Hidden
350
31
  3
JitterOff
350
3F
  3
Linepattern
350
37
  3
OverhangOff
350
40
  3
Realistic
350
33
  3
Shaded
350
3E
  3
Shaded with edges
350
3D
  3
Shades of Gray
350
3A
  3
Sketchy
350
3B
  3
Thicken
350
36
  3
Wireframe
350
30
  3
X-Ray
350
3C
  0
XRECORD
  5
50E
102
{ACAD_REACTORS
330
C
102
}
330
C
100
AcDbXrecord
280
     1
 90
        1
330
65
  0
DICTIONARY
  5
505
102
{ACAD_REACTORS
330
C
102
}
330
C
100
AcDbDictionary
281
     1
  3
ANNOALLVISIBLE
350
50A
  3
CANNOSCALE
350
50B
  3
CMLEADERSTYLE
350
507
  3
CTABLESTYLE
350
506
  3
CVIEWDETAILSTYLE
350
508
  3
CVIEWSECTIONSTYLE
350
509
  0
SORTENTSTABLE
  5
B7
102
{ACAD_REACTORS
330
B6
102
}
330
B6
100
AcDbSortentsTable
330
70
  0
SORTENTSTABLE
  5
44B
102
{ACAD_REACTORS
330
134
102
}
330
134
100
AcDbSortentsTable
330
133
  0
ACDBDETAILVIEWSTYLE
  5
6B
102
{ACAD_XDICTIONARY
360
511
102
}
102
{ACAD_REACTORS
330
6A
102
}
330
6A
100
AcDbModelDocViewStyle
 70
     0
  3
Imperial24
290
     0
100
AcDbDetailViewStyle
 70
     0
 71
     0
 90
        3
 71
     1
340
55
 62
   256
 40
0.24
340
0
 62
   256
 40
0.24
300

 40
0.36
280
     3
 71
     2
340
5D
 90
       25
 62
   256
 71
     3
340
55
 62
   256
 40
0.24
 90
        1
 40
0.75
 90
        1
300
%<\AcVar ViewType \f "%tc1">% %<\AcVar ViewDetailId>%\PSCALE %<\AcVar ViewScale \f "%sn">%
 71
     4
340
5D
 90
       25
 62
   256
340
5D
 90
       25
 62
   256
280
     0
  0
LAYOUT
  5
73
102
{ACAD_REACTORS
330
62
102
}
330
62
100
AcDbPlotSettings
  1

  2
AutoCAD PDF (High Quality Print).pc3
  4
ANSI_full_bleed_D_(34.00_x_22.00_Inches)
  6

 40
0.0
 41
0.0
 42
0.0
 43
0.0
 44
863.599976
 45
558.799988
 46
0.0
 47
0.0
 48
0.0
 49
0.0
140
0.0
141
0.0
142
1.0
143
1.75837
 70
 11952
 72
     0
 73
     0
 74
     0
  7

 75
     0
147
0.568708
 76
     0
 77
     2
 78
   300
148
277.885831
149
138.8496
100
AcDbLayout
  1
Model
 70
     1
 71
     0
 10
0.0
 20
0.0
 11
12.0
 21
9.0
 12
0.0
 22
0.0
 32
0.0
 14
0.0
 24
0.0
 34
0.0
 15
0.0
 25
0.0
 35
0.0
146
0.0
 13
0.0
 23
0.0
 33
0.0
 16
1.0
 26
0.0
 36
0.0
 17
0.0
 27
1.0
 37
0.0
 76
     0
330
70
1001
ACAD_PSEXT
1000
AutoCAD PDF (High Quality Print).pc3
1000
DWG To PDF
1000
File
1000

1070
     0
  0
LAYOUT
  5
6F
102
{ACAD_REACTORS
330
62
102
}
330
62
100
AcDbPlotSettings
  1

  2

  4

  6

 40
0.0
 41
0.0
 42
0.0
 43
0.0
 44
0.0
 45
0.0
 46
0.0
 47
0.0
 48
0.0
 49
0.0
140
0.0
141
0.0
142
1.0
143
1.0
 70
   688
 72
     0
 73
     0
 74
     5
  7

 75
    16
147
1.0
 76
     0
 77
     2
 78
   300
148
0.0
149
0.0
100
AcDbLayout
  1
Sheet1
 70
     1
 71
     1
 10
0.0
 20
0.0
 11
12.0
 21
9.0
 12
0.0
 22
0.0
 32
0.0
 14
0.0
 24
0.0
 34
0.0
 15
0.0
 25
0.0
 35
0.0
146
0.0
 13
0.0
 23
0.0
 33
0.0
 16
1.0
 26
0.0
 36
0.0
 17
0.0
 27
1.0
 37
0.0
 76
     0
330
6C
  0
LAYOUT
  5
77
102
{ACAD_REACTORS
330
62
102
}
330
62
100
AcDbPlotSettings
  1

  2

  4

  6

 40
0.0
 41
0.0
 42
0.0
 43
0.0
 44
0.0
 45
0.0
 46
0.0
 47
0.0
 48
0.0
 49
0.0
140
0.0
141
0.0
142
1.0
143
1.0
 70
   688
 72
     0
 73
     0
 74
     5
  7

 75
    16
147
1.0
 76
     0
 77
     2
 78
   300
148
0.0
149
0.0
100
AcDbLayout
  1
Sheet2
 70
     1
 71
     2
 10
0.0
 20
0.0
 11
12.0
 21
9.0
 12
0.0
 22
0.0
 32
0.0
 14
0.0
 24
0.0
 34
0.0
 15
0.0
 25
0.0
 35
0.0
146
0.0
 13
0.0
 23
0.0
 33
0.0
 16
1.0
 26
0.0
 36
0.0
 17
0.0
 27
1.0
 37
0.0
 76
     0
330
74
  0
MATERIAL
  5
19
102
{ACAD_XDICTIONARY
360
1A
102
}
102
{ACAD_REACTORS
330
10
102
}
330
10
100
AcDbMaterial
  1
ByBlock
 72
     0
 43
0.020833
 43
0.0
 43
0.0
 43
0.0
 43
0.0
 43
0.020833
 43
0.0
 43
0.0
 43
0.0
 43
0.0
 43
1.0
 43
0.0
 43
0.0
 43
0.0
 43
0.0
 43
1.0
 77
     0
 47
0.020833
 47
0.0
 47
0.0
 47
0.0
 47
0.0
 47
0.020833
 47
0.0
 47
0.0
 47
0.0
 47
0.0
 47
1.0
 47
0.0
 47
0.0
 47
0.0
 47
0.0
 47
1.0
171
     0
 49
0.020833
 49
0.0
 49
0.0
 49
0.0
 49
0.0
 49
0.020833
 49
0.0
 49
0.0
 49
0.0
 49
0.0
 49
1.0
 49
0.0
 49
0.0
 49
0.0
 49
0.0
 49
1.0
175
     0
142
0.020833
142
0.0
142
0.0
142
0.0
142
0.0
142
0.020833
142
0.0
142
0.0
142
0.0
142
0.0
142
1.0
142
0.0
142
0.0
142
0.0
142
0.0
142
1.0
179
     0
144
0.020833
144
0.0
144
0.0
144
0.0
144
0.0
144
0.020833
144
0.0
144
0.0
144
0.0
144
0.0
144
1.0
144
0.0
144
0.0
144
0.0
144
0.0
144
1.0
147
0.020833
147
0.0
147
0.0
147
0.0
147
0.0
147
0.020833
147
0.0
147
0.0
147
0.0
147
0.0
147
1.0
147
0.0
147
0.0
147
0.0
147
0.0
147
1.0
  0
MATERIAL
  5
11
102
{ACAD_XDICTIONARY
360
12
102
}
102
{ACAD_REACTORS
330
10
102
}
330
10
100
AcDbMaterial
  1
ByLayer
 72
     0
 43
0.020833
 43
0.0
 43
0.0
 43
0.0
 43
0.0
 43
0.020833
 43
0.0
 43
0.0
 43
0.0
 43
0.0
 43
1.0
 43
0.0
 43
0.0
 43
0.0
 43
0.0
 43
1.0
 77
     0
 47
0.020833
 47
0.0
 47
0.0
 47
0.0
 47
0.0
 47
0.020833
 47
0.0
 47
0.0
 47
0.0
 47
0.0
 47
1.0
 47
0.0
 47
0.0
 47
0.0
 47
0.0
 47
1.0
171
     0
 49
0.020833
 49
0.0
 49
0.0
 49
0.0
 49
0.0
 49
0.020833
 49
0.0
 49
0.0
 49
0.0
 49
0.0
 49
1.0
 49
0.0
 49
0.0
 49
0.0
 49
0.0
 49
1.0
175
     0
142
0.020833
142
0.0
142
0.0
142
0.0
142
0.0
142
0.020833
142
0.0
142
0.0
142
0.0
142
0.0
142
1.0
142
0.0
142
0.0
142
0.0
142
0.0
142
1.0
179
     0
144
0.020833
144
0.0
144
0.0
144
0.0
144
0.0
144
0.020833
144
0.0
144
0.0
144
0.0
144
0.0
144
1.0
144
0.0
144
0.0
144
0.0
144
0.0
144
1.0
147
0.020833
147
0.0
147
0.0
147
0.0
147
0.0
147
0.020833
147
0.0
147
0.0
147
0.0
147
0.0
147
1.0
147
0.0
147
0.0
147
0.0
147
0.0
147
1.0
  0
MATERIAL
  5
21
102
{ACAD_XDICTIONARY
360
22
102
}
102
{ACAD_REACTORS
330
10
102
}
330
10
100
AcDbMaterial
  1
Global
 72
     0
 43
0.020833
 43
0.0
 43
0.0
 43
0.0
 43
0.0
 43
0.020833
 43
0.0
 43
0.0
 43
0.0
 43
0.0
 43
1.0
 43
0.0
 43
0.0
 43
0.0
 43
0.0
 43
1.0
 77
     0
 47
0.020833
 47
0.0
 47
0.0
 47
0.0
 47
0.0
 47
0.020833
 47
0.0
 47
0.0
 47
0.0
 47
0.0
 47
1.0
 47
0.0
 47
0.0
 47
0.0
 47
0.0
 47
1.0
171
     0
 49
0.020833
 49
0.0
 49
0.0
 49
0.0
 49
0.0
 49
0.020833
 49
0.0
 49
0.0
 49
0.0
 49
0.0
 49
1.0
 49
0.0
 49
0.0
 49
0.0
 49
0.0
 49
1.0
175
     0
142
0.020833
142
0.0
142
0.0
142
0.0
142
0.0
142
0.020833
142
0.0
142
0.0
142
0.0
142
0.0
142
1.0
142
0.0
142
0.0
142
0.0
142
0.0
142
1.0
179
     0
144
0.020833
144
0.0
144
0.0
144
0.0
144
0.0
144
0.020833
144
0.0
144
0.0
144
0.0
144
0.0
144
1.0
144
0.0
144
0.0
144
0.0
144
0.0
144
1.0
147
0.020833
147
0.0
147
0.0
147
0.0
147
0.0
147
0.020833
147
0.0
147
0.0
147
0.0
147
0.0
147
1.0
147
0.0
147
0.0
147
0.0
147
0.0
147
1.0
  0
MLEADERSTYLE
  5
67
102
{ACAD_REACTORS
330
66
102
}
330
66
100
AcDbMLeaderStyle
179
     2
170
     2
171
     1
172
     0
 90
        2
 40
0.0
 41
0.0
173
     1
 91
-1056964608
340
5B
 92
       -2
290
     1
 42
0.09
291
     1
 43
0.36
  3
Standard
 44
0.18
300

342
55
174
     1
178
     6
175
     1
176
     0
 93
-1056964608
 45
0.18
292
     0
297
     0
 46
0.18
 94
-1056964608
 47
1.0
 49
1.0
140
1.0
293
     1
141
0.0
294
     1
177
     0
142
1.0
295
     0
296
     0
143
0.125
271
     0
272
     9
273
     9
298
     1
  0
MLINESTYLE
  5
60
102
{ACAD_REACTORS
330
5F
102
}
330
5F
100
AcDbMlineStyle
  2
STANDARD
 70
     0
  3

 62
   256
 51
90.0
 52
90.0
 71
     0
  0
ACDBPLACEHOLDER
  5
F
102
{ACAD_REACTORS
330
E
102
}
330
E
  0
SCALE
  5
A6
102
{ACAD_REACTORS
330
42
102
}
330
42
100
AcDbScale
 70
     0
300
1:2
140
1.0
141
2.0
290
     0
  0
SCALE
  5
AF
102
{ACAD_REACTORS
330
42
102
}
330
42
100
AcDbScale
 70
     0
300
1:50
140
1.0
141
50.0
290
     0
  0
SCALE
  5
B0
102
{ACAD_REACTORS
330
42
102
}
330
42
100
AcDbScale
 70
     0
300
1:100
140
1.0
141
100.0
290
     0
  0
SCALE
  5
B1
102
{ACAD_REACTORS
330
42
102
}
330
42
100
AcDbScale
 70
     0
300
2:1
140
2.0
141
1.0
290
     0
  0
SCALE
  5
B2
102
{ACAD_REACTORS
330
42
102
}
330
42
100
AcDbScale
 70
     0
300
4:1
140
4.0
141
1.0
290
     0
  0
SCALE
  5
B3
102
{ACAD_REACTORS
330
42
102
}
330
42
100
AcDbScale
 70
     0
300
8:1
140
8.0
141
1.0
290
     0
  0
SCALE
  5
B4
102
{ACAD_REACTORS
330
42
102
}
330
42
100
AcDbScale
 70
     0
300
10:1
140
10.0
141
1.0
290
     0
  0
SCALE
  5
B5
102
{ACAD_REACTORS
330
42
102
}
330
42
100
AcDbScale
 70
     0
300
100:1
140
100.0
141
1.0
290
     0
  0
SCALE
  5
A7
102
{ACAD_REACTORS
330
42
102
}
330
42
100
AcDbScale
 70
     0
300
1:4
140
1.0
141
4.0
290
     0
  0
SCALE
  5
A8
102
{ACAD_REACTORS
330
42
102
}
330
42
100
AcDbScale
 70
     0
300
1:5
140
1.0
141
5.0
290
     0
  0
SCALE
  5
A9
102
{ACAD_REACTORS
330
42
102
}
330
42
100
AcDbScale
 70
     0
300
1:8
140
1.0
141
8.0
290
     0
  0
SCALE
  5
AA
102
{ACAD_REACTORS
330
42
102
}
330
42
100
AcDbScale
 70
     0
300
1:10
140
1.0
141
10.0
290
     0
  0
SCALE
  5
AB
102
{ACAD_REACTORS
330
42
102
}
330
42
100
AcDbScale
 70
     0
300
1:16
140
1.0
141
16.0
290
     0
  0
SCALE
  5
AC
102
{ACAD_REACTORS
330
42
102
}
330
42
100
AcDbScale
 70
     0
300
1:20
140
1.0
141
20.0
290
     0
  0
SCALE
  5
AD
102
{ACAD_REACTORS
330
42
102
}
330
42
100
AcDbScale
 70
     0
300
1:30
140
1.0
141
30.0
290
     0
  0
SCALE
  5
AE
102
{ACAD_REACTORS
330
42
102
}
330
42
100
AcDbScale
 70
     0
300
1:40
140
1.0
141
40.0
290
     0
  0
SCALE
  5
43
102
{ACAD_REACTORS
330
42
102
}
330
42
100
AcDbScale
 70
     0
300
1:1
140
1.0
141
1.0
290
     1
  0
SCALE
  5
44
102
{ACAD_REACTORS
330
42
102
}
330
42
100
AcDbScale
 70
     0
300
1/128" = 1'-0"
140
0.007813
141
12.0
290
     0
  0
SCALE
  5
45
102
{ACAD_REACTORS
330
42
102
}
330
42
100
AcDbScale
 70
     0
300
1/64" = 1'-0"
140
0.015625
141
12.0
290
     0
  0
SCALE
  5
46
102
{ACAD_REACTORS
330
42
102
}
330
42
100
AcDbScale
 70
     0
300
1/32" = 1'-0"
140
0.03125
141
12.0
290
     0
  0
SCALE
  5
47
102
{ACAD_REACTORS
330
42
102
}
330
42
100
AcDbScale
 70
     0
300
1/16" = 1'-0"
140
0.0625
141
12.0
290
     0
  0
SCALE
  5
48
102
{ACAD_REACTORS
330
42
102
}
330
42
100
AcDbScale
 70
     0
300
3/32" = 1'-0"
140
0.09375
141
12.0
290
     0
  0
SCALE
  5
49
102
{ACAD_REACTORS
330
42
102
}
330
42
100
AcDbScale
 70
     0
300
1/8" = 1'-0"
140
0.125
141
12.0
290
     0
  0
SCALE
  5
4A
102
{ACAD_REACTORS
330
42
102
}
330
42
100
AcDbScale
 70
     0
300
3/16" = 1'-0"
140
0.1875
141
12.0
290
     0
  0
SCALE
  5
4B
102
{ACAD_REACTORS
330
42
102
}
330
42
100
AcDbScale
 70
     0
300
1/4" = 1'-0"
140
0.25
141
12.0
290
     0
  0
SCALE
  5
4C
102
{ACAD_REACTORS
330
42
102
}
330
42
100
AcDbScale
 70
     0
300
3/8" = 1'-0"
140
0.375
141
12.0
290
     0
  0
SCALE
  5
4D
102
{ACAD_REACTORS
330
42
102
}
330
42
100
AcDbScale
 70
     0
300
1/2" = 1'-0"
140
0.5
141
12.0
290
     0
  0
SCALE
  5
4E
102
{ACAD_REACTORS
330
42
102
}
330
42
100
AcDbScale
 70
     0
300
3/4" = 1'-0"
140
0.75
141
12.0
290
     0
  0
SCALE
  5
4F
102
{ACAD_REACTORS
330
42
102
}
330
42
100
AcDbScale
 70
     0
300
1" = 1'-0"
140
1.0
141
12.0
290
     0
  0
SCALE
  5
50
102
{ACAD_REACTORS
330
42
102
}
330
42
100
AcDbScale
 70
     0
300
1-1/2" = 1'-0"
140
1.5
141
12.0
290
     0
  0
SCALE
  5
51
102
{ACAD_REACTORS
330
42
102
}
330
42
100
AcDbScale
 70
     0
300
3" = 1'-0"
140
3.0
141
12.0
290
     0
  0
SCALE
  5
52
102
{ACAD_REACTORS
330
42
102
}
330
42
100
AcDbScale
 70
     0
300
6" = 1'-0"
140
6.0
141
12.0
290
     0
  0
SCALE
  5
53
102
{ACAD_REACTORS
330
42
102
}
330
42
100
AcDbScale
 70
     0
300
1'-0" = 1'-0"
140
12.0
141
12.0
290
     0
  0
ACDBSECTIONVIEWSTYLE
  5
69
102
{ACAD_XDICTIONARY
360
50F
102
}
102
{ACAD_REACTORS
330
68
102
}
330
68
100
AcDbModelDocViewStyle
 70
     0
  3
Imperial24
290
     0
100
AcDbSectionViewStyle
 70
     0
 71
     0
 90
       78
 71
     1
340
55
 62
   256
 40
0.24
340
0
340
0
 62
   256
 40
0.24
300
I, O, Q, S, X, Z
 40
0.48
 90
        3
 40
0.18
 90
        1
 71
     2
340
5D
 90
       25
 62
   256
340
5D
 90
       50
 62
   256
 40
0.24
 40
0.0
 40
0.24
 71
     3
340
55
 62
   256
 40
0.24
 90
        1
 40
0.75
 90
        1
300
%<\AcVar ViewType \f "%tc1">% %<\AcVar ViewSectionStartId>%-%<\AcVar ViewSectionEndId>%\PSCALE %<\AcVar ViewScale \f "%sn">%
 71
     4
 62
   256
 62
   257
300
ANSI31
 40
1.0
 90
        0
290
     0
290
     0
 90
        6
 40
0.0
 40
1.570796
 40
0.261799
 40
1.308997
 40
-0.261799
 40
1.832596
  0
TABLESTYLE
  5
65
102
{ACAD_XDICTIONARY
360
50C
102
}
102
{ACAD_REACTORS
330
64
102
}
330
64
100
AcDbTableStyle
280
     0
  3
Standard
 70
     0
 71
     0
 40
0.06
 41
0.06
280
     0
281
     0
  7
Standard
140
0.18
170
     2
 62
     0
 63
     7
283
     0
 90
      512
 91
        0
  1

274
    -2
284
     1
 64
     0
275
    -2
285
     1
 65
     0
276
    -2
286
     1
 66
     0
277
    -2
287
     1
 67
     0
278
    -2
288
     1
 68
     0
279
    -2
289
     1
 69
     0
  7
Standard
140
0.25
170
     5
 62
     0
 63
     7
283
     0
 90
      512
 91
        0
  1

274
    -2
284
     1
 64
     0
275
    -2
285
     1
 65
     0
276
    -2
286
     1
 66
     0
277
    -2
287
     1
 67
     0
278
    -2
288
     1
 68
     0
279
    -2
289
     1
 69
     0
  7
Standard
140
0.18
170
     5
 62
     0
 63
     7
283
     0
 90
      512
 91
        0
  1

274
    -2
284
     1
 64
     0
275
    -2
285
     1
 65
     0
276
    -2
286
     1
 66
     0
277
    -2
287
     1
 67
     0
278
    -2
288
     1
 68
     0
279
    -2
289
     1
 69
     0
  0
VISUALSTYLE
  5
2F
102
{ACAD_REACTORS
330
29
102
}
330
29
100
AcDbVisualStyle
  2
2dWireframe
 70
     4
177
     3
291
     0
 70
    58
 90
        0
176
     1
 90
        2
176
     1
 90
        0
176
     1
 90
        0
176
     1
 40
0.6
176
     1
 40
30.0
176
     1
 62
     7
420
 16777215
176
     1
 90
        1
176
     1
 90
        4
176
     1
 62
     7
176
     1
 62
   257
176
     1
 90
        1
176
     1
 90
        1
176
     1
 40
1.0
176
     1
 90
        0
176
     1
 62
   257
176
     1
 40
1.0
176
     1
 90
        1
176
     1
 90
        6
176
     1
 90
        2
176
     1
 62
     7
176
     1
 90
        5
176
     1
 90
        0
176
     1
 90
        0
176
     1
290
     0
176
     1
 90
        1
176
     1
 40
0.0
176
     1
 90
        0
176
     1
290
     1
176
     1
290
     1
176
     1
290
     0
176
     1
290
     0
176
     1
290
     0
176
     1
290
     0
176
     1
290
     0
176
     1
290
     0
176
     1
290
     0
176
     1
 90
       50
176
     1
 40
0.0
176
     1
 40
1.0
176
     1
 90
        0
176
     1
 62
    18
420
        0
176
     1
 90
       50
176
     1
 90
        3
176
     1
 62
     5
420
      255
176
     1
290
     0
176
     1
 90
       50
176
     1
 90
       50
176
     1
 90
       50
176
     1
290
     0
176
     1
 90
       50
176
     1
 62
   256
176
     0
 40
1.0
176
     0
 90
        2
176
     1
  1
strokes_ogs.tif
176
     1
290
     0
176
     1
 40
1.0
176
     1
 40
1.0
176
     1
1001
ACAD
1000
AcDbSavedByObjectVersion
1070
     0
  0
VISUALSTYLE
  5
2E
102
{ACAD_REACTORS
330
29
102
}
330
29
100
AcDbVisualStyle
  2
Basic
 70
     7
177
     3
291
     1
 70
    58
 90
        1
176
     1
 90
        0
176
     1
 90
        1
176
     1
 90
        0
176
     1
 40
0.6
176
     1
 40
30.0
176
     1
 62
     7
420
 16777215
176
     1
 90
        0
176
     1
 90
        4
176
     1
 62
     7
176
     1
 62
   257
176
     1
 90
        1
176
     1
 90
        1
176
     1
 40
1.0
176
     1
 90
        8
176
     1
 62
     7
176
     1
 40
1.0
176
     1
 90
        1
176
     1
 90
        6
176
     1
 90
        2
176
     1
 62
     7
176
     1
 90
        5
176
     1
 90
        0
176
     1
 90
        0
176
     1
290
     0
176
     1
 90
        1
176
     1
 40
0.0
176
     1
 90
        0
176
     1
290
     0
176
     1
290
     1
176
     1
290
     1
176
     1
290
     0
176
     1
290
     0
176
     1
290
     0
176
     1
290
     0
176
     1
290
     0
176
     1
290
     0
176
     1
 90
       50
176
     1
 40
0.0
176
     1
 40
1.0
176
     1
 90
        0
176
     1
 62
    18
420
        0
176
     1
 90
       50
176
     1
 90
        3
176
     1
 62
     5
420
      255
176
     1
290
     0
176
     1
 90
       50
176
     1
 90
       50
176
     1
 90
       50
176
     1
290
     0
176
     1
 90
       50
176
     1
 62
   256
176
     0
 40
1.0
176
     0
 90
        2
176
     1
  1
strokes_ogs.tif
176
     1
290
     0
176
     1
 40
1.0
176
     1
 40
1.0
176
     1
1001
ACAD
1000
AcDbSavedByObjectVersion
1070
     0
  0
VISUALSTYLE
  5
35
102
{ACAD_REACTORS
330
29
102
}
330
29
100
AcDbVisualStyle
  2
Brighten
 70
    12
177
     3
291
     1
 70
    58
 90
        2
176
     1
 90
        2
176
     1
 90
        0
176
     1
 90
        0
176
     1
 40
0.6
176
     1
 40
30.0
176
     1
 62
     7
420
 16777215
176
     1
 90
        1
176
     1
 90
        4
176
     1
 62
     7
176
     1
 62
   257
176
     1
 90
        1
176
     1
 90
        1
176
     1
 40
1.0
176
     1
 90
        8
176
     1
 62
     7
176
     1
 40
1.0
176
     1
 90
        1
176
     1
 90
        6
176
     1
 90
        2
176
     1
 62
     7
176
     1
 90
        5
176
     1
 90
        0
176
     1
 90
        0
176
     1
290
     0
176
     1
 90
        1
176
     1
 40
50.0
176
     1
 90
        0
176
     1
290
     0
176
     1
290
     1
176
     1
290
     1
176
     1
290
     0
176
     1
290
     0
176
     1
290
     0
176
     1
290
     0
176
     1
290
     0
176
     1
290
     0
176
     1
 90
       50
176
     1
 40
0.0
176
     1
 40
1.0
176
     1
 90
        0
176
     1
 62
    18
420
        0
176
     1
 90
       50
176
     1
 90
        3
176
     1
 62
     5
420
      255
176
     1
290
     0
176
     1
 90
       50
176
     1
 90
       50
176
     1
 90
       50
176
     1
290
     0
176
     1
 90
       50
176
     1
 62
   256
176
     0
 40
1.0
176
     0
 90
        2
176
     1
  1
strokes_ogs.tif
176
     1
290
     0
176
     1
 40
1.0
176
     1
 40
1.0
176
     1
1001
ACAD
1000
AcDbSavedByObjectVersion
1070
     0
  0
VISUALSTYLE
  5
39
102
{ACAD_REACTORS
330
29
102
}
330
29
100
AcDbVisualStyle
  2
ColorChange
 70
    16
177
     3
291
     1
 70
    58
 90
        2
176
     1
 90
        2
176
     1
 90
        3
176
     1
 90
        0
176
     1
 40
0.6
176
     1
 40
30.0
176
     1
 62
     8
420
  8421504
176
     1
 90
        1
176
     1
 90
        4
176
     1
 62
     7
176
     1
 62
   257
176
     1
 90
        1
176
     1
 90
        1
176
     1
 40
1.0
176
     1
 90
        8
176
     1
 62
     8
420
  8421504
176
     1
 40
1.0
176
     1
 90
        1
176
     1
 90
        6
176
     1
 90
        2
176
     1
 62
     7
176
     1
 90
        5
176
     1
 90
        0
176
     1
 90
        0
176
     1
290
     0
176
     1
 90
        1
176
     1
 40
0.0
176
     1
 90
        0
176
     1
290
     0
176
     1
290
     1
176
     1
290
     1
176
     1
290
     0
176
     1
290
     0
176
     1
290
     0
176
     1
290
     0
176
     1
290
     0
176
     1
290
     0
176
     1
 90
       50
176
     1
 40
0.0
176
     1
 40
1.0
176
     1
 90
        0
176
     1
 62
    18
420
        0
176
     1
 90
       50
176
     1
 90
        3
176
     1
 62
     5
420
      255
176
     1
290
     0
176
     1
 90
       50
176
     1
 90
       50
176
     1
 90
       50
176
     1
290
     0
176
     1
 90
       50
176
     1
 62
   256
176
     0
 40
1.0
176
     0
 90
        2
176
     1
  1
strokes_ogs.tif
176
     1
290
     0
176
     1
 40
1.0
176
     1
 40
1.0
176
     1
1001
ACAD
1000
AcDbSavedByObjectVersion
1070
     0
  0
VISUALSTYLE
  5
32
102
{ACAD_REACTORS
330
29
102
}
330
29
100
AcDbVisualStyle
  2
Conceptual
 70
     9
177
     3
291
     0
 70
    58
 90
        3
176
     1
 90
        2
176
     1
 90
        0
176
     1
 90
        0
176
     1
 40
0.6
176
     1
 40
30.0
176
     1
 62
     7
420
 16777215
176
     1
 90
        2
176
     1
 90
        2
176
     1
 62
     7
176
     1
 62
   257
176
     1
 90
        1
176
     1
 90
        1
176
     1
 40
179.0
176
     1
 90
        8
176
     1
 62
     7
176
     1
 40
1.0
176
     1
 90
        1
176
     1
 90
        6
176
     1
 90
        2
176
     1
 62
     7
176
     1
 90
        3
176
     1
 90
        0
176
     1
 90
        0
176
     1
290
     0
176
     1
 90
        1
176
     1
 40
0.0
176
     1
 90
        0
176
     1
290
     0
176
     1
290
     1
176
     1
290
     1
176
     1
290
     0
176
     1
290
     0
176
     1
290
     0
176
     1
290
     0
176
     1
290
     0
176
     1
290
     0
176
     1
 90
       50
176
     1
 40
0.0
176
     1
 40
1.0
176
     1
 90
        0
176
     1
 62
    18
420
        0
176
     1
 90
       50
176
     1
 90
        3
176
     1
 62
     5
420
      255
176
     1
290
     0
176
     1
 90
       50
176
     1
 90
       50
176
     1
 90
       50
176
     1
290
     0
176
     1
 90
       50
176
     1
 62
   256
176
     0
 40
1.0
176
     0
 90
        2
176
     1
  1
strokes_ogs.tif
176
     1
290
     0
176
     1
 40
1.0
176
     1
 40
1.0
176
     1
1001
ACAD
1000
AcDbSavedByObjectVersion
1070
     0
  0
VISUALSTYLE
  5
34
102
{ACAD_REACTORS
330
29
102
}
330
29
100
AcDbVisualStyle
  2
Dim
 70
    11
177
     3
291
     1
 70
    58
 90
        2
176
     1
 90
        2
176
     1
 90
        0
176
     1
 90
        0
176
     1
 40
0.6
176
     1
 40
30.0
176
     1
 62
     7
420
 16777215
176
     1
 90
        1
176
     1
 90
        4
176
     1
 62
     7
176
     1
 62
   257
176
     1
 90
        1
176
     1
 90
        1
176
     1
 40
1.0
176
     1
 90
        8
176
     1
 62
     7
176
     1
 40
1.0
176
     1
 90
        1
176
     1
 90
        6
176
     1
 90
        2
176
     1
 62
     7
176
     1
 90
        5
176
     1
 90
        0
176
     1
 90
        0
176
     1
290
     0
176
     1
 90
        1
176
     1
 40
-50.0
176
     1
 90
        0
176
     1
290
     0
176
     1
290
     1
176
     1
290
     1
176
     1
290
     0
176
     1
290
     0
176
     1
290
     0
176
     1
290
     0
176
     1
290
     0
176
     1
290
     0
176
     1
 90
       50
176
     1
 40
0.0
176
     1
 40
1.0
176
     1
 90
        0
176
     1
 62
    18
420
        0
176
     1
 90
       50
176
     1
 90
        3
176
     1
 62
     5
420
      255
176
     1
290
     0
176
     1
 90
       50
176
     1
 90
       50
176
     1
 90
       50
176
     1
290
     0
176
     1
 90
       50
176
     1
 62
   256
176
     0
 40
1.0
176
     0
 90
        2
176
     1
  1
strokes_ogs.tif
176
     1
290
     0
176
     1
 40
1.0
176
     1
 40
1.0
176
     1
1001
ACAD
1000
AcDbSavedByObjectVersion
1070
     0
  0
VISUALSTYLE
  5
41
102
{ACAD_REACTORS
330
29
102
}
330
29
100
AcDbVisualStyle
  2
EdgeColorOff
 70
    22
177
     3
291
     1
 70
    58
 90
        2
176
     0
 90
        2
176
     0
 90
        0
176
     0
 90
        0
176
     0
 40
0.6
176
     0
 40
30.0
176
     0
 62
     7
420
 16777215
176
     0
 90
        1
176
     0
 90
        4
176
     0
 62
     7
176
     0
 62
   257
176
     0
 90
        1
176
     0
 90
        1
176
     0
 40
1.0
176
     0
 90
        8
176
     2
 62
     7
176
     0
 40
1.0
176
     0
 90
        1
176
     0
 90
        6
176
     0
 90
        2
176
     0
 62
     7
176
     0
 90
        5
176
     0
 90
        0
176
     0
 90
        0
176
     0
290
     0
176
     0
 90
        1
176
     0
 40
0.0
176
     0
 90
        0
176
     0
290
     0
176
     0
290
     1
176
     0
290
     1
176
     0
290
     0
176
     0
290
     0
176
     0
290
     0
176
     0
290
     0
176
     0
290
     0
176
     0
290
     0
176
     0
 90
       50
176
     0
 40
0.0
176
     0
 40
1.0
176
     0
 90
        0
176
     0
 62
    18
420
        0
176
     0
 90
       50
176
     0
 90
        3
176
     0
 62
     5
420
      255
176
     0
290
     0
176
     0
 90
       50
176
     0
 90
       50
176
     0
 90
       50
176
     0
290
     0
176
     0
 90
       50
176
     0
 62
   256
176
     0
 40
1.0
176
     0
 90
        2
176
     0
  1
strokes_ogs.tif
176
     0
290
     0
176
     0
 40
1.0
176
     0
 40
1.0
176
     0
1001
ACAD
1000
AcDbSavedByObjectVersion
1070
     0
  0
VISUALSTYLE
  5
38
102
{ACAD_REACTORS
330
29
102
}
330
29
100
AcDbVisualStyle
  2
Facepattern
 70
    15
177
     3
291
     1
 70
    58
 90
        2
176
     1
 90
        2
176
     1
 90
        0
176
     1
 90
        0
176
     1
 40
0.6
176
     1
 40
30.0
176
     1
 62
     7
420
 16777215
176
     1
 90
        1
176
     1
 90
        4
176
     1
 62
     7
176
     1
 62
   257
176
     1
 90
        1
176
     1
 90
        1
176
     1
 40
1.0
176
     1
 90
        8
176
     1
 62
     7
176
     1
 40
1.0
176
     1
 90
        1
176
     1
 90
        6
176
     1
 90
        2
176
     1
 62
     7
176
     1
 90
        5
176
     1
 90
        0
176
     1
 90
        0
176
     1
290
     0
176
     1
 90
        1
176
     1
 40
0.0
176
     1
 90
        0
176
     1
290
     0
176
     1
290
     1
176
     1
290
     1
176
     1
290
     0
176
     1
290
     0
176
     1
290
     0
176
     1
290
     0
176
     1
290
     0
176
     1
290
     0
176
     1
 90
       50
176
     1
 40
0.0
176
     1
 40
1.0
176
     1
 90
        0
176
     1
 62
    18
420
        0
176
     1
 90
       50
176
     1
 90
        3
176
     1
 62
     5
420
      255
176
     1
290
     0
176
     1
 90
       50
176
     1
 90
       50
176
     1
 90
       50
176
     1
290
     0
176
     1
 90
       50
176
     1
 62
   256
176
     0
 40
1.0
176
     0
 90
        2
176
     1
  1
strokes_ogs.tif
176
     1
290
     0
176
     1
 40
1.0
176
     1
 40
1.0
176
     1
1001
ACAD
1000
AcDbSavedByObjectVersion
1070
     0
  0
VISUALSTYLE
  5
2A
102
{ACAD_REACTORS
330
29
102
}
330
29
100
AcDbVisualStyle
  2
Flat
 70
     0
177
     3
291
     1
 70
    58
 90
        2
176
     1
 90
        1
176
     1
 90
        1
176
     1
 90
        2
176
     1
 40
0.6
176
     1
 40
30.0
176
     1
 62
     7
420
 16777215
176
     1
 90
        0
176
     1
 90
        0
176
     1
 62
     7
176
     1
 62
   257
176
     1
 90
        1
176
     1
 90
        1
176
     1
 40
1.0
176
     1
 90
        8
176
     1
 62
     7
176
     1
 40
1.0
176
     1
 90
        1
176
     1
 90
        6
176
     1
 90
        2
176
     1
 62
     7
176
     1
 90
        5
176
     1
 90
        0
176
     1
 90
        0
176
     1
290
     0
176
     1
 90
       13
176
     1
 40
0.0
176
     1
 90
        0
176
     1
290
     0
176
     1
290
     1
176
     1
290
     1
176
     1
290
     0
176
     1
290
     0
176
     1
290
     0
176
     1
290
     0
176
     1
290
     0
176
     1
290
     0
176
     1
 90
       50
176
     1
 40
0.0
176
     1
 40
1.0
176
     1
 90
        0
176
     1
 62
    18
420
        0
176
     1
 90
       50
176
     1
 90
        3
176
     1
 62
     5
420
      255
176
     1
290
     0
176
     1
 90
       50
176
     1
 90
       50
176
     1
 90
       50
176
     1
290
     0
176
     1
 90
       50
176
     1
 62
   256
176
     0
 40
1.0
176
     0
 90
        2
176
     1
  1
strokes_ogs.tif
176
     1
290
     0
176
     1
 40
1.0
176
     1
 40
1.0
176
     1
1001
ACAD
1000
AcDbSavedByObjectVersion
1070
     0
  0
VISUALSTYLE
  5
2B
102
{ACAD_REACTORS
330
29
102
}
330
29
100
AcDbVisualStyle
  2
FlatWithEdges
 70
     1
177
     3
291
     1
 70
    58
 90
        2
176
     1
 90
        1
176
     1
 90
        1
176
     1
 90
        2
176
     1
 40
0.6
176
     1
 40
30.0
176
     1
 62
     7
420
 16777215
176
     1
 90
        1
176
     1
 90
        0
176
     1
 62
     7
176
     1
 62
   257
176
     1
 90
        1
176
     1
 90
        1
176
     1
 40
1.0
176
     1
 90
        0
176
     1
 62
   257
176
     1
 40
1.0
176
     1
 90
        1
176
     1
 90
        6
176
     1
 90
        2
176
     1
 62
     7
176
     1
 90
        5
176
     1
 90
        0
176
     1
 90
        0
176
     1
290
     0
176
     1
 90
       13
176
     1
 40
0.0
176
     1
 90
        0
176
     1
290
     0
176
     1
290
     1
176
     1
290
     1
176
     1
290
     0
176
     1
290
     0
176
     1
290
     0
176
     1
290
     0
176
     1
290
     0
176
     1
290
     0
176
     1
 90
       50
176
     1
 40
0.0
176
     1
 40
1.0
176
     1
 90
        0
176
     1
 62
    18
420
        0
176
     1
 90
       50
176
     1
 90
        3
176
     1
 62
     5
420
      255
176
     1
290
     0
176
     1
 90
       50
176
     1
 90
       50
176
     1
 90
       50
176
     1
290
     0
176
     1
 90
       50
176
     1
 62
   256
176
     0
 40
1.0
176
     0
 90
        2
176
     1
  1
strokes_ogs.tif
176
     1
290
     0
176
     1
 40
1.0
176
     1
 40
1.0
176
     1
1001
ACAD
1000
AcDbSavedByObjectVersion
1070
     0
  0
VISUALSTYLE
  5
2C
102
{ACAD_REACTORS
330
29
102
}
330
29
100
AcDbVisualStyle
  2
Gouraud
 70
     2
177
     3
291
     1
 70
    58
 90
        2
176
     1
 90
        2
176
     1
 90
        1
176
     1
 90
        2
176
     1
 40
0.6
176
     1
 40
30.0
176
     1
 62
     7
420
 16777215
176
     1
 90
        0
176
     1
 90
        0
176
     1
 62
     7
176
     1
 62
   257
176
     1
 90
        1
176
     1
 90
        1
176
     1
 40
1.0
176
     1
 90
        0
176
     1
 62
     7
176
     1
 40
1.0
176
     1
 90
        1
176
     1
 90
        6
176
     1
 90
        2
176
     1
 62
     7
176
     1
 90
        5
176
     1
 90
        0
176
     1
 90
        0
176
     1
290
     0
176
     1
 90
       13
176
     1
 40
0.0
176
     1
 90
        0
176
     1
290
     0
176
     1
290
     1
176
     1
290
     1
176
     1
290
     0
176
     1
290
     0
176
     1
290
     0
176
     1
290
     0
176
     1
290
     0
176
     1
290
     0
176
     1
 90
       50
176
     1
 40
0.0
176
     1
 40
1.0
176
     1
 90
        0
176
     1
 62
    18
420
        0
176
     1
 90
       50
176
     1
 90
        3
176
     1
 62
     5
420
      255
176
     1
290
     0
176
     1
 90
       50
176
     1
 90
       50
176
     1
 90
       50
176
     1
290
     0
176
     1
 90
       50
176
     1
 62
   256
176
     0
 40
1.0
176
     0
 90
        2
176
     1
  1
strokes_ogs.tif
176
     1
290
     0
176
     1
 40
1.0
176
     1
 40
1.0
176
     1
1001
ACAD
1000
AcDbSavedByObjectVersion
1070
     0
  0
VISUALSTYLE
  5
2D
102
{ACAD_REACTORS
330
29
102
}
330
29
100
AcDbVisualStyle
  2
GouraudWithEdges
 70
     3
177
     3
291
     1
 70
    58
 90
        2
176
     1
 90
        2
176
     1
 90
        1
176
     1
 90
        2
176
     1
 40
0.6
176
     1
 40
30.0
176
     1
 62
     7
420
 16777215
176
     1
 90
        1
176
     1
 90
        0
176
     1
 62
     7
176
     1
 62
   257
176
     1
 90
        1
176
     1
 90
        1
176
     1
 40
1.0
176
     1
 90
        0
176
     1
 62
   257
176
     1
 40
1.0
176
     1
 90
        1
176
     1
 90
        6
176
     1
 90
        2
176
     1
 62
     7
176
     1
 90
        5
176
     1
 90
        0
176
     1
 90
        0
176
     1
290
     0
176
     1
 90
       13
176
     1
 40
0.0
176
     1
 90
        0
176
     1
290
     0
176
     1
290
     1
176
     1
290
     1
176
     1
290
     0
176
     1
290
     0
176
     1
290
     0
176
     1
290
     0
176
     1
290
     0
176
     1
290
     0
176
     1
 90
       50
176
     1
 40
0.0
176
     1
 40
1.0
176
     1
 90
        0
176
     1
 62
    18
420
        0
176
     1
 90
       50
176
     1
 90
        3
176
     1
 62
     5
420
      255
176
     1
290
     0
176
     1
 90
       50
176
     1
 90
       50
176
     1
 90
       50
176
     1
290
     0
176
     1
 90
       50
176
     1
 62
   256
176
     0
 40
1.0
176
     0
 90
        2
176
     1
  1
strokes_ogs.tif
176
     1
290
     0
176
     1
 40
1.0
176
     1
 40
1.0
176
     1
1001
ACAD
1000
AcDbSavedByObjectVersion
1070
     0
  0
VISUALSTYLE
  5
31
102
{ACAD_REACTORS
330
29
102
}
330
29
100
AcDbVisualStyle
  2
Hidden
 70
     6
177
     3
291
     0
 70
    58
 90
        1
176
     1
 90
        2
176
     1
 90
        2
176
     1
 90
        0
176
     1
 40
0.6
176
     1
 40
30.0
176
     1
 62
     7
420
 16777215
176
     1
 90
        2
176
     1
 90
        2
176
     1
 62
     7
176
     1
 62
   257
176
     1
 90
        2
176
     1
 90
        1
176
     1
 40
40.0
176
     1
 90
        0
176
     1
 62
   257
176
     1
 40
1.0
176
     1
 90
        1
176
     1
 90
        6
176
     1
 90
        2
176
     1
 62
     7
176
     1
 90
        3
176
     1
 90
        0
176
     1
 90
        0
176
     1
290
     0
176
     1
 90
        1
176
     1
 40
0.0
176
     1
 90
        0
176
     1
290
     0
176
     1
290
     1
176
     1
290
     1
176
     1
290
     0
176
     1
290
     0
176
     1
290
     0
176
     1
290
     0
176
     1
290
     0
176
     1
290
     0
176
     1
 90
       50
176
     1
 40
0.0
176
     1
 40
1.0
176
     1
 90
        0
176
     1
 62
    18
420
        0
176
     1
 90
       50
176
     1
 90
        3
176
     1
 62
     5
420
      255
176
     1
290
     0
176
     1
 90
       50
176
     1
 90
       50
176
     1
 90
       50
176
     1
290
     0
176
     1
 90
       50
176
     1
 62
   256
176
     0
 40
1.0
176
     0
 90
        2
176
     1
  1
strokes_ogs.tif
176
     1
290
     0
176
     1
 40
1.0
176
     1
 40
1.0
176
     1
1001
ACAD
1000
AcDbSavedByObjectVersion
1070
     0
  0
VISUALSTYLE
  5
3F
102
{ACAD_REACTORS
330
29
102
}
330
29
100
AcDbVisualStyle
  2
JitterOff
 70
    20
177
     3
291
     1
 70
    58
 90
        2
176
     0
 90
        2
176
     0
 90
        0
176
     0
 90
        0
176
     0
 40
0.6
176
     0
 40
30.0
176
     0
 62
     7
420
 16777215
176
     0
 90
        1
176
     0
 90
        4
176
     0
 62
     7
176
     0
 62
   257
176
     0
 90
        1
176
     0
 90
        1
176
     0
 40
1.0
176
     0
 90
       10
176
     2
 62
     7
176
     0
 40
1.0
176
     0
 90
        1
176
     0
 90
        6
176
     0
 90
        2
176
     0
 62
     7
176
     0
 90
        5
176
     0
 90
        0
176
     0
 90
        0
176
     0
290
     0
176
     0
 90
        1
176
     0
 40
0.0
176
     0
 90
        0
176
     0
290
     0
176
     0
290
     1
176
     0
290
     1
176
     0
290
     0
176
     0
290
     0
176
     0
290
     0
176
     0
290
     0
176
     0
290
     0
176
     0
290
     0
176
     0
 90
       50
176
     0
 40
0.0
176
     0
 40
1.0
176
     0
 90
        0
176
     0
 62
    18
420
        0
176
     0
 90
       50
176
     0
 90
        3
176
     0
 62
     5
420
      255
176
     0
290
     0
176
     0
 90
       50
176
     0
 90
       50
176
     0
 90
       50
176
     0
290
     0
176
     0
 90
       50
176
     0
 62
   256
176
     0
 40
1.0
176
     0
 90
        2
176
     0
  1
strokes_ogs.tif
176
     0
290
     0
176
     0
 40
1.0
176
     0
 40
1.0
176
     0
1001
ACAD
1000
AcDbSavedByObjectVersion
1070
     0
  0
VISUALSTYLE
  5
37
102
{ACAD_REACTORS
330
29
102
}
330
29
100
AcDbVisualStyle
  2
Linepattern
 70
    14
177
     3
291
     1
 70
    58
 90
        2
176
     1
 90
        2
176
     1
 90
        0
176
     1
 90
        0
176
     1
 40
0.6
176
     1
 40
30.0
176
     1
 62
     7
420
 16777215
176
     1
 90
        1
176
     1
 90
        4
176
     1
 62
     7
176
     1
 62
   257
176
     1
 90
        7
176
     1
 90
        7
176
     1
 40
1.0
176
     1
 90
        8
176
     1
 62
     7
176
     1
 40
1.0
176
     1
 90
        1
176
     1
 90
        6
176
     1
 90
        2
176
     1
 62
     7
176
     1
 90
        5
176
     1
 90
        0
176
     1
 90
        0
176
     1
290
     0
176
     1
 90
        1
176
     1
 40
0.0
176
     1
 90
        0
176
     1
290
     0
176
     1
290
     1
176
     1
290
     1
176
     1
290
     0
176
     1
290
     0
176
     1
290
     0
176
     1
290
     0
176
     1
290
     0
176
     1
290
     0
176
     1
 90
       50
176
     1
 40
0.0
176
     1
 40
1.0
176
     1
 90
        0
176
     1
 62
    18
420
        0
176
     1
 90
       50
176
     1
 90
        3
176
     1
 62
     5
420
      255
176
     1
290
     0
176
     1
 90
       50
176
     1
 90
       50
176
     1
 90
       50
176
     1
290
     0
176
     1
 90
       50
176
     1
 62
   256
176
     0
 40
1.0
176
     0
 90
        2
176
     1
  1
strokes_ogs.tif
176
     1
290
     0
176
     1
 40
1.0
176
     1
 40
1.0
176
     1
1001
ACAD
1000
AcDbSavedByObjectVersion
1070
     0
  0
VISUALSTYLE
  5
40
102
{ACAD_REACTORS
330
29
102
}
330
29
100
AcDbVisualStyle
  2
OverhangOff
 70
    21
177
     3
291
     1
 70
    58
 90
        2
176
     0
 90
        2
176
     0
 90
        0
176
     0
 90
        0
176
     0
 40
0.6
176
     0
 40
30.0
176
     0
 62
     7
420
 16777215
176
     0
 90
        1
176
     0
 90
        4
176
     0
 62
     7
176
     0
 62
   257
176
     0
 90
        1
176
     0
 90
        1
176
     0
 40
1.0
176
     0
 90
        9
176
     2
 62
     7
176
     0
 40
1.0
176
     0
 90
        1
176
     0
 90
        6
176
     0
 90
        2
176
     0
 62
     7
176
     0
 90
        5
176
     0
 90
        0
176
     0
 90
        0
176
     0
290
     0
176
     0
 90
        1
176
     0
 40
0.0
176
     0
 90
        0
176
     0
290
     0
176
     0
290
     1
176
     0
290
     1
176
     0
290
     0
176
     0
290
     0
176
     0
290
     0
176
     0
290
     0
176
     0
290
     0
176
     0
290
     0
176
     0
 90
       50
176
     0
 40
0.0
176
     0
 40
1.0
176
     0
 90
        0
176
     0
 62
    18
420
        0
176
     0
 90
       50
176
     0
 90
        3
176
     0
 62
     5
420
      255
176
     0
290
     0
176
     0
 90
       50
176
     0
 90
       50
176
     0
 90
       50
176
     0
290
     0
176
     0
 90
       50
176
     0
 62
   256
176
     0
 40
1.0
176
     0
 90
        2
176
     0
  1
strokes_ogs.tif
176
     0
290
     0
176
     0
 40
1.0
176
     0
 40
1.0
176
     0
1001
ACAD
1000
AcDbSavedByObjectVersion
1070
     0
  0
VISUALSTYLE
  5
33
102
{ACAD_REACTORS
330
29
102
}
330
29
100
AcDbVisualStyle
  2
Realistic
 70
     8
177
     3
291
     0
 70
    58
 90
        2
176
     1
 90
        3
176
     1
 90
        0
176
     1
 90
        2
176
     1
 40
0.6
176
     1
 40
30.0
176
     1
 62
     7
420
 16777215
176
     1
 90
        0
176
     1
 90
        0
176
     1
 62
     7
176
     1
 62
   257
176
     1
 90
        1
176
     1
 90
        1
176
     1
 40
1.0
176
     1
 90
        8
176
     1
 62
   257
176
     1
 40
1.0
176
     1
 90
        1
176
     1
 90
        6
176
     1
 90
        2
176
     1
 62
     7
176
     1
 90
        3
176
     1
 90
        0
176
     1
 90
        0
176
     1
290
     0
176
     1
 90
       13
176
     1
 40
0.0
176
     1
 90
        0
176
     1
290
     0
176
     1
290
     1
176
     1
290
     1
176
     1
290
     0
176
     1
290
     0
176
     1
290
     0
176
     1
290
     0
176
     1
290
     0
176
     1
290
     0
176
     1
 90
       50
176
     1
 40
0.0
176
     1
 40
1.0
176
     1
 90
        0
176
     1
 62
    18
420
        0
176
     1
 90
       50
176
     1
 90
        3
176
     1
 62
     5
420
      255
176
     1
290
     0
176
     1
 90
       50
176
     1
 90
       50
176
     1
 90
       50
176
     1
290
     0
176
     1
 90
       50
176
     1
 62
   256
176
     0
 40
1.0
176
     0
 90
        2
176
     1
  1
strokes_ogs.tif
176
     1
290
     0
176
     1
 40
1.0
176
     1
 40
1.0
176
     1
1001
ACAD
1000
AcDbSavedByObjectVersion
1070
     0
  0
VISUALSTYLE
  5
3E
102
{ACAD_REACTORS
330
29
102
}
330
29
100
AcDbVisualStyle
  2
Shaded
 70
    27
177
     3
291
     0
 70
    58
 90
        2
176
     1
 90
        2
176
     1
 90
        1
176
     1
 90
        2
176
     1
 40
0.6
176
     1
 40
30.0
176
     1
 62
     7
420
 16777215
176
     1
 90
        0
176
     1
 90
        4
176
     1
 62
     7
176
     1
 62
   257
176
     1
 90
        1
176
     1
 90
        1
176
     1
 40
1.0
176
     1
 90
        8
176
     1
 62
   257
176
     1
 40
1.0
176
     1
 90
        1
176
     1
 90
        6
176
     1
 90
        2
176
     1
 62
     8
420
  7895160
176
     1
 90
        3
176
     1
 90
        0
176
     1
 90
        0
176
     1
290
     0
176
     1
 90
        5
176
     1
 40
0.0
176
     1
 90
        0
176
     1
290
     0
176
     1
290
     1
176
     1
290
     1
176
     1
290
     0
176
     1
290
     0
176
     1
290
     0
176
     1
290
     0
176
     1
290
     0
176
     1
290
     0
176
     1
 90
       50
176
     1
 40
0.0
176
     1
 40
1.0
176
     1
 90
        0
176
     1
 62
    18
420
        0
176
     1
 90
       50
176
     1
 90
        3
176
     1
 62
     5
420
      255
176
     1
290
     0
176
     1
 90
       50
176
     1
 90
       50
176
     1
 90
       50
176
     1
290
     0
176
     1
 90
       50
176
     1
 62
   256
176
     0
 40
1.0
176
     0
 90
        2
176
     1
  1
strokes_ogs.tif
176
     1
290
     0
176
     1
 40
1.0
176
     1
 40
1.0
176
     1
1001
ACAD
1000
AcDbSavedByObjectVersion
1070
     0
  0
VISUALSTYLE
  5
3D
102
{ACAD_REACTORS
330
29
102
}
330
29
100
AcDbVisualStyle
  2
Shaded with edges
 70
    26
177
     3
291
     0
 70
    58
 90
        2
176
     1
 90
        2
176
     1
 90
        1
176
     1
 90
        2
176
     1
 40
0.6
176
     1
 40
30.0
176
     1
 62
     7
420
 16777215
176
     1
 90
        1
176
     1
 90
        2
176
     1
 62
     7
176
     1
 62
   257
176
     1
 90
        2
176
     1
 90
        1
176
     1
 40
1.0
176
     1
 90
        8
176
     1
 62
   257
176
     1
 40
1.0
176
     1
 90
        1
176
     1
 90
        6
176
     1
 90
        2
176
     1
 62
     7
176
     1
 90
        3
176
     1
 90
        0
176
     1
 90
        0
176
     1
290
     0
176
     1
 90
        5
176
     1
 40
0.0
176
     1
 90
        0
176
     1
290
     0
176
     1
290
     1
176
     1
290
     1
176
     1
290
     0
176
     1
290
     0
176
     1
290
     0
176
     1
290
     0
176
     1
290
     0
176
     1
290
     0
176
     1
 90
       50
176
     1
 40
0.0
176
     1
 40
1.0
176
     1
 90
        0
176
     1
 62
    18
420
        0
176
     1
 90
       50
176
     1
 90
        3
176
     1
 62
     5
420
      255
176
     1
290
     0
176
     1
 90
       50
176
     1
 90
       50
176
     1
 90
       50
176
     1
290
     0
176
     1
 90
       50
176
     1
 62
   256
176
     0
 40
1.0
176
     0
 90
        2
176
     1
  1
strokes_ogs.tif
176
     1
290
     0
176
     1
 40
1.0
176
     1
 40
1.0
176
     1
1001
ACAD
1000
AcDbSavedByObjectVersion
1070
     0
  0
VISUALSTYLE
  5
3A
102
{ACAD_REACTORS
330
29
102
}
330
29
100
AcDbVisualStyle
  2
Shades of Gray
 70
    23
177
     3
291
     0
 70
    58
 90
        2
176
     1
 90
        2
176
     1
 90
        3
176
     1
 90
        0
176
     1
 40
0.6
176
     1
 40
30.0
176
     1
 62
     7
420
 16777215
176
     1
 90
        2
176
     1
 90
        2
176
     1
 62
     7
176
     1
 62
     7
176
     1
 90
        1
176
     1
 90
        1
176
     1
 40
40.0
176
     1
 90
        8
176
     1
 62
     7
176
     1
 40
1.0
176
     1
 90
        1
176
     1
 90
        6
176
     1
 90
        2
176
     1
 62
     7
176
     1
 90
        3
176
     1
 90
        0
176
     1
 90
        0
176
     1
290
     0
176
     1
 90
        1
176
     1
 40
0.0
176
     1
 90
        0
176
     1
290
     0
176
     1
290
     1
176
     1
290
     1
176
     1
290
     0
176
     1
290
     0
176
     1
290
     0
176
     1
290
     0
176
     1
290
     0
176
     1
290
     0
176
     1
 90
       50
176
     1
 40
0.0
176
     1
 40
1.0
176
     1
 90
        0
176
     1
 62
    18
420
        0
176
     1
 90
       50
176
     1
 90
        3
176
     1
 62
     5
420
      255
176
     1
290
     0
176
     1
 90
       50
176
     1
 90
       50
176
     1
 90
       50
176
     1
290
     0
176
     1
 90
       50
176
     1
 62
   256
176
     0
 40
1.0
176
     0
 90
        2
176
     1
  1
strokes_ogs.tif
176
     1
290
     0
176
     1
 40
1.0
176
     1
 40
1.0
176
     1
1001
ACAD
1000
AcDbSavedByObjectVersion
1070
     0
  0
VISUALSTYLE
  5
3B
102
{ACAD_REACTORS
330
29
102
}
330
29
100
AcDbVisualStyle
  2
Sketchy
 70
    24
177
     3
291
     0
 70
    58
 90
        1
176
     1
 90
        2
176
     1
 90
        2
176
     1
 90
        0
176
     1
 40
0.6
176
     1
 40
30.0
176
     1
 62
     7
420
 16777215
176
     1
 90
        2
176
     1
 90
        2
176
     1
 62
     7
176
     1
 62
     7
176
     1
 90
        1
176
     1
 90
        1
176
     1
 40
40.0
176
     1
 90
       11
176
     1
 62
     7
176
     1
 40
1.0
176
     1
 90
        1
176
     1
 90
        6
176
     1
 90
        2
176
     1
 62
     7
176
     1
 90
        6
176
     1
 90
        0
176
     1
 90
        0
176
     1
290
     0
176
     1
 90
        1
176
     1
 40
0.0
176
     1
 90
        0
176
     1
290
     0
176
     1
290
     1
176
     1
290
     1
176
     1
290
     0
176
     1
290
     0
176
     1
290
     0
176
     1
290
     0
176
     1
290
     0
176
     1
290
     0
176
     1
 90
       50
176
     1
 40
0.0
176
     1
 40
1.0
176
     1
 90
        0
176
     1
 62
    18
420
        0
176
     1
 90
       50
176
     1
 90
        3
176
     1
 62
     5
420
      255
176
     1
290
     0
176
     1
 90
       50
176
     1
 90
       50
176
     1
 90
       50
176
     1
290
     0
176
     1
 90
       50
176
     1
 62
   256
176
     0
 40
1.0
176
     0
 90
        2
176
     1
  1
strokes_ogs.tif
176
     1
290
     0
176
     1
 40
1.0
176
     1
 40
1.0
176
     1
1001
ACAD
1000
AcDbSavedByObjectVersion
1070
     0
  0
VISUALSTYLE
  5
36
102
{ACAD_REACTORS
330
29
102
}
330
29
100
AcDbVisualStyle
  2
Thicken
 70
    13
177
     3
291
     1
 70
    58
 90
        2
176
     1
 90
        2
176
     1
 90
        0
176
     1
 90
        0
176
     1
 40
0.6
176
     1
 40
30.0
176
     1
 62
     7
420
 16777215
176
     1
 90
        1
176
     1
 90
        4
176
     1
 62
     7
176
     1
 62
   257
176
     1
 90
        1
176
     1
 90
        1
176
     1
 40
1.0
176
     1
 90
       12
176
     1
 62
     7
176
     1
 40
1.0
176
     1
 90
        1
176
     1
 90
        6
176
     1
 90
        2
176
     1
 62
     7
176
     1
 90
        5
176
     1
 90
        0
176
     1
 90
        0
176
     1
290
     0
176
     1
 90
        1
176
     1
 40
0.0
176
     1
 90
        0
176
     1
290
     0
176
     1
290
     1
176
     1
290
     1
176
     1
290
     0
176
     1
290
     0
176
     1
290
     0
176
     1
290
     0
176
     1
290
     0
176
     1
290
     0
176
     1
 90
       50
176
     1
 40
0.0
176
     1
 40
1.0
176
     1
 90
        0
176
     1
 62
    18
420
        0
176
     1
 90
       50
176
     1
 90
        3
176
     1
 62
     5
420
      255
176
     1
290
     0
176
     1
 90
       50
176
     1
 90
       50
176
     1
 90
       50
176
     1
290
     0
176
     1
 90
       50
176
     1
 62
   256
176
     0
 40
1.0
176
     0
 90
        2
176
     1
  1
strokes_ogs.tif
176
     1
290
     0
176
     1
 40
1.0
176
     1
 40
1.0
176
     1
1001
ACAD
1000
AcDbSavedByObjectVersion
1070
     0
  0
VISUALSTYLE
  5
30
102
{ACAD_REACTORS
330
29
102
}
330
29
100
AcDbVisualStyle
  2
Wireframe
 70
     5
177
     3
291
     0
 70
    58
 90
        0
176
     1
 90
        2
176
     1
 90
        0
176
     1
 90
        0
176
     1
 40
0.6
176
     1
 40
30.0
176
     1
 62
     7
420
 16777215
176
     1
 90
        1
176
     1
 90
        4
176
     1
 62
     7
176
     1
 62
   257
176
     1
 90
        1
176
     1
 90
        1
176
     1
 40
1.0
176
     1
 90
        0
176
     1
 62
   257
176
     1
 40
1.0
176
     1
 90
        1
176
     1
 90
        6
176
     1
 90
        2
176
     1
 62
     7
176
     1
 90
        3
176
     1
 90
        0
176
     1
 90
        0
176
     1
290
     0
176
     1
 90
        1
176
     1
 40
0.0
176
     1
 90
        0
176
     1
290
     0
176
     1
290
     1
176
     1
290
     1
176
     1
290
     0
176
     1
290
     0
176
     1
290
     0
176
     1
290
     0
176
     1
290
     0
176
     1
290
     0
176
     1
 90
       50
176
     1
 40
0.0
176
     1
 40
1.0
176
     1
 90
        0
176
     1
 62
    18
420
        0
176
     1
 90
       50
176
     1
 90
        3
176
     1
 62
     5
420
      255
176
     1
290
     0
176
     1
 90
       50
176
     1
 90
       50
176
     1
 90
       50
176
     1
290
     0
176
     1
 90
       50
176
     1
 62
   256
176
     0
 40
1.0
176
     0
 90
        2
176
     1
  1
strokes_ogs.tif
176
     1
290
     0
176
     1
 40
1.0
176
     1
 40
1.0
176
     1
1001
ACAD
1000
AcDbSavedByObjectVersion
1070
     0
  0
VISUALSTYLE
  5
3C
102
{ACAD_REACTORS
330
29
102
}
330
29
100
AcDbVisualStyle
  2
X-Ray
 70
    25
177
     3
291
     0
 70
    58
 90
        2
176
     1
 90
        2
176
     1
 90
        1
176
     1
 90
        1
176
     1
 40
0.5
176
     1
 40
30.0
176
     1
 62
     7
420
 16777215
176
     1
 90
        1
176
     1
 90
        0
176
     1
 62
     7
176
     1
 62
   257
176
     1
 90
        1
176
     1
 90
        1
176
     1
 40
1.0
176
     1
 90
        8
176
     1
 62
     7
176
     1
 40
1.0
176
     1
 90
        1
176
     1
 90
        6
176
     1
 90
        2
176
     1
 62
     7
176
     1
 90
        3
176
     1
 90
        0
176
     1
 90
        0
176
     1
290
     0
176
     1
 90
       13
176
     1
 40
0.0
176
     1
 90
        0
176
     1
290
     0
176
     1
290
     1
176
     1
290
     1
176
     1
290
     0
176
     1
290
     0
176
     1
290
     0
176
     1
290
     0
176
     1
290
     0
176
     1
290
     0
176
     1
 90
       50
176
     1
 40
0.0
176
     1
 40
1.0
176
     1
 90
        0
176
     1
 62
    18
420
        0
176
     1
 90
       50
176
     1
 90
        3
176
     1
 62
     5
420
      255
176
     1
290
     0
176
     1
 90
       50
176
     1
 90
       50
176
     1
 90
       50
176
     1
290
     0
176
     1
 90
       50
176
     1
 62
   256
176
     0
 40
1.0
176
     0
 90
        2
176
     1
  1
strokes_ogs.tif
176
     1
290
     0
176
     1
 40
1.0
176
     1
 40
1.0
176
     1
1001
ACAD
1000
AcDbSavedByObjectVersion
1070
     0
  0
DICTIONARYVAR
  5
50A
102
{ACAD_REACTORS
330
505
102
}
330
505
100
DictionaryVariables
280
     0
  1
0
  0
DICTIONARYVAR
  5
50B
102
{ACAD_REACTORS
330
505
102
}
330
505
100
DictionaryVariables
280
     0
  1
1:1
  0
DICTIONARYVAR
  5
507
102
{ACAD_REACTORS
330
505
102
}
330
505
100
DictionaryVariables
280
     0
  1
STANDARD
  0
DICTIONARYVAR
  5
506
102
{ACAD_REACTORS
330
505
102
}
330
505
100
DictionaryVariables
280
     0
  1
STANDARD
  0
DICTIONARYVAR
  5
508
102
{ACAD_REACTORS
330
505
102
}
330
505
100
DictionaryVariables
280
     0
  1
Imperial24
  0
DICTIONARYVAR
  5
509
102
{ACAD_REACTORS
330
505
102
}
330
505
100
DictionaryVariables
280
     0
  1
Imperial24
  0
DICTIONARY
  5
511
330
6B
100
AcDbDictionary
280
     1
281
     1
  3
ACAD_XREC_ROUNDTRIP
360
512
  0
DICTIONARY
  5
1A
330
19
100
AcDbDictionary
280
     1
281
     1
  3
BUMPTILE
360
1C
  3
DIFFUSETILE
360
1B
  3
OPACITYTILE
360
1F
  3
REFLECTIONTILE
360
1E
  3
REFRACTIONTILE
360
20
  3
SPECULARTILE
360
1D
  0
DICTIONARY
  5
12
330
11
100
AcDbDictionary
280
     1
281
     1
  3
BUMPTILE
360
14
  3
DIFFUSETILE
360
13
  3
OPACITYTILE
360
17
  3
REFLECTIONTILE
360
16
  3
REFRACTIONTILE
360
18
  3
SPECULARTILE
360
15
  0
DICTIONARY
  5
22
330
21
100
AcDbDictionary
280
     1
281
     1
  3
BUMPTILE
360
24
  3
DIFFUSETILE
360
23
  3
OPACITYTILE
360
27
  3
REFLECTIONTILE
360
26
  3
REFRACTIONTILE
360
28
  3
SPECULARTILE
360
25
  0
DICTIONARY
  5
50F
330
69
100
AcDbDictionary
280
     1
281
     1
  3
ACAD_XREC_ROUNDTRIP
360
510
  0
DICTIONARY
  5
50C
330
65
100
AcDbDictionary
280
     1
281
     1
  3
ACAD_ROUNDTRIP_2008_TABLESTYLE_CELLSTYLEMAP
360
50D
  0
XRECORD
  5
512
102
{ACAD_REACTORS
330
511
102
}
330
511
100
AcDbXrecord
280
     1
102
DISPLAYNAME
  1
Imperial24
102
FLAGS
 90
        0
  0
XRECORD
  5
1C
102
{ACAD_REACTORS
330
1A
102
}
330
1A
100
AcDbXrecord
280
     1
270
     1
271
     1
  0
XRECORD
  5
1B
102
{ACAD_REACTORS
330
1A
102
}
330
1A
100
AcDbXrecord
280
     1
270
     1
271
     1
  0
XRECORD
  5
1F
102
{ACAD_REACTORS
330
1A
102
}
330
1A
100
AcDbXrecord
280
     1
270
     1
271
     1
  0
XRECORD
  5
1E
102
{ACAD_REACTORS
330
1A
102
}
330
1A
100
AcDbXrecord
280
     1
270
     1
271
     1
  0
XRECORD
  5
20
102
{ACAD_REACTORS
330
1A
102
}
330
1A
100
AcDbXrecord
280
     1
270
     1
271
     1
  0
XRECORD
  5
1D
102
{ACAD_REACTORS
330
1A
102
}
330
1A
100
AcDbXrecord
280
     1
270
     1
271
     1
  0
XRECORD
  5
14
102
{ACAD_REACTORS
330
12
102
}
330
12
100
AcDbXrecord
280
     1
270
     1
271
     1
  0
XRECORD
  5
13
102
{ACAD_REACTORS
330
12
102
}
330
12
100
AcDbXrecord
280
     1
270
     1
271
     1
  0
XRECORD
  5
17
102
{ACAD_REACTORS
330
12
102
}
330
12
100
AcDbXrecord
280
     1
270
     1
271
     1
  0
XRECORD
  5
16
102
{ACAD_REACTORS
330
12
102
}
330
12
100
AcDbXrecord
280
     1
270
     1
271
     1
  0
XRECORD
  5
18
102
{ACAD_REACTORS
330
12
102
}
330
12
100
AcDbXrecord
280
     1
270
     1
271
     1
  0
XRECORD
  5
15
102
{ACAD_REACTORS
330
12
102
}
330
12
100
AcDbXrecord
280
     1
270
     1
271
     1
  0
XRECORD
  5
24
102
{ACAD_REACTORS
330
22
102
}
330
22
100
AcDbXrecord
280
     1
270
     1
271
     1
  0
XRECORD
  5
23
102
{ACAD_REACTORS
330
22
102
}
330
22
100
AcDbXrecord
280
     1
270
     1
271
     1
  0
XRECORD
  5
27
102
{ACAD_REACTORS
330
22
102
}
330
22
100
AcDbXrecord
280
     1
270
     1
271
     1
  0
XRECORD
  5
26
102
{ACAD_REACTORS
330
22
102
}
330
22
100
AcDbXrecord
280
     1
270
     1
271
     1
  0
XRECORD
  5
28
102
{ACAD_REACTORS
330
22
102
}
330
22
100
AcDbXrecord
280
     1
270
     1
271
     1
  0
XRECORD
  5
25
102
{ACAD_REACTORS
330
22
102
}
330
22
100
AcDbXrecord
280
     1
270
     1
271
     1
  0
XRECORD
  5
510
102
{ACAD_REACTORS
330
50F
102
}
330
50F
100
AcDbXrecord
280
     1
102
DISPLAYNAME
  1
Imperial24
102
FLAGS
 90
        0
  0
CELLSTYLEMAP
  5
50D
102
{ACAD_REACTORS
330
50C
102
}
330
50C
100
AcDbCellStyleMap
 90
        3
300
CELLSTYLE
  1
TABLEFORMAT_BEGIN
 90
        5
170
     1
 91
        0
 92
    32768
 62
   257
 93
        1
300
CONTENTFORMAT
  1
CONTENTFORMAT_BEGIN
 90
        0
 91
        0
 92
      512
 93
        0
300

 40
0.0
140
1.0
 94
        5
 62
     0
340
55
144
0.25
309
CONTENTFORMAT_END
171
     0
 94
        0
309
TABLEFORMAT_END
  1
CELLSTYLE_BEGIN
 90
        1
 91
        1
300
_TITLE
309
CELLSTYLE_END
300
CELLSTYLE
  1
TABLEFORMAT_BEGIN
 90
        5
170
     1
 91
        0
 92
        0
 62
   257
 93
        1
300
CONTENTFORMAT
  1
CONTENTFORMAT_BEGIN
 90
        0
 91
        0
 92
      512
 93
        0
300

 40
0.0
140
1.0
 94
        5
 62
     0
340
55
144
0.18
309
CONTENTFORMAT_END
171
     0
 94
        0
309
TABLEFORMAT_END
  1
CELLSTYLE_BEGIN
 90
        2
 91
        1
300
_HEADER
309
CELLSTYLE_END
300
CELLSTYLE
  1
TABLEFORMAT_BEGIN
 90
        5
170
     1
 91
        0
 92
        0
 62
   257
 93
        1
300
CONTENTFORMAT
  1
CONTENTFORMAT_BEGIN
 90
        0
 91
        0
 92
      512
 93
        0
300

 40
0.0
140
1.0
 94
        2
 62
     0
340
55
144
0.18
309
CONTENTFORMAT_END
171
     0
 94
        0
309
TABLEFORMAT_END
  1
CELLSTYLE_BEGIN
 90
        3
 91
        2
300
_DATA
309
CELLSTYLE_END
  0
ENDSEC
  0
EOF
